STATION,STATION_NAME,DATE,TAVG
GHCND:USW00094789,JFK INTERNATIONAL AIRPORT NY US,20130401,49
GHCND:USW00094789,JFK INTERNATIONAL AIRPORT NY US,20130402,40
GHCND:USW00094789,JFK INTERNATIONAL AIRPORT NY US,20130403,40
GHCND:USW00094789,JFK INTERNATIONAL AIRPORT NY US,20130404,39
GHCND:USW00094789,JFK INTERNATIONAL AIRPORT NY US,20130405,47
GHCND:USW00094789,JFK INTERNATIONAL AIRPORT NY US,20130406,43
GHCND:USW00094789,JFK INTERNATIONAL AIRPORT NY US,20130407,44
GHCND:USW00094789,JFK INTERNATIONAL AIRPORT NY US,20130408,53
GHCND:USW00094789,JFK INTERNATIONAL AIRPORT NY US,20130409,62
GHCND:USW00094789,JFK INTERNATIONAL AIRPORT NY US,20130410,59
GHCND:USW00094789,JFK INTERNATIONAL AIRPORT NY US,20130411,54
GHCND:USW00094789,JFK INTERNATIONAL AIRPORT NY US,20130412,45
GHCND:USW00094789,JFK INTERNATIONAL AIRPORT NY US,20130413,45
GHCND:USW00094789,JFK INTERNATIONAL AIRPORT NY US,20130414,51
GHCND:USW00094789,JFK INTERNATIONAL AIRPORT NY US,20130415,48
GHCND:USW00094789,JFK INTERNATIONAL AIRPORT NY US,20130416,51
GHCND:USW00094789,JFK INTERNATIONAL AIRPORT NY US,20130417,58
GHCND:USW00094789,JFK INTERNATIONAL AIRPORT NY US,20130418,51
GHCND:USW00094789,JFK INTERNATIONAL AIRPORT NY US,20130419,56
GHCND:USW00094789,JFK INTERNATIONAL AIRPORT NY US,20130420,55
GHCND:USW00094789,JFK INTERNATIONAL AIRPORT NY US,20130421,46
GHCND:USW00094789,JFK INTERNATIONAL AIRPORT NY US,20130422,45
GHCND:USW00094789,JFK INTERNATIONAL AIRPORT NY US,20130423,45
GHCND:USW00094789,JFK INTERNATIONAL AIRPORT NY US,20130424,50
GHCND:USW00094789,JFK INTERNATIONAL AIRPORT NY US,20130425,54
GHCND:USW00094789,JFK INTERNATIONAL AIRPORT NY US,20130426,54
GHCND:USW00094789,JFK INTERNATIONAL AIRPORT NY US,20130427,55
GHCND:USW00094789,JFK INTERNATIONAL AIRPORT NY US,20130428,53
GHCND:USW00094789,JFK INTERNATIONAL AIRPORT NY US,20130429,53
GHCND:USW00094789,JFK INTERNATIONAL AIRPORT NY US,20130430,56
GHCND:USW00094789,JFK INTERNATIONAL AIRPORT NY US,20130501,54
GHCND:USW00094789,JFK INTERNATIONAL AIRPORT NY US,20130502,54
GHCND:USW00094789,JFK INTERNATIONAL AIRPORT NY US,20130503,54
GHCND:USW00094789,JFK INTERNATIONAL AIRPORT NY US,20130504,53
GHCND:USW00094789,JFK INTERNATIONAL AIRPORT NY US,20130505,50
GHCND:USW00094789,JFK INTERNATIONAL AIRPORT NY US,20130506,53
GHCND:USW00094789,JFK INTERNATIONAL AIRPORT NY US,20130507,57
GHCND:USW00094789,JFK INTERNATIONAL AIRPORT NY US,20130508,61
GHCND:USW00094789,JFK INTERNATIONAL AIRPORT NY US,20130509,59
GHCND:USW00094789,JFK INTERNATIONAL AIRPORT NY US,20130510,63
GHCND:USW00094789,JFK INTERNATIONAL AIRPORT NY US,20130511,61
GHCND:USW00094789,JFK INTERNATIONAL AIRPORT NY US,20130512,63
GHCND:USW00094789,JFK INTERNATIONAL AIRPORT NY US,20130513,53
GHCND:USW00094789,JFK INTERNATIONAL AIRPORT NY US,20130514,51
GHCND:USW00094789,JFK INTERNATIONAL AIRPORT NY US,20130515,55
GHCND:USW00094789,JFK INTERNATIONAL AIRPORT NY US,20130516,64
GHCND:USW00094789,JFK INTERNATIONAL AIRPORT NY US,20130517,65
GHCND:USW00094789,JFK INTERNATIONAL AIRPORT NY US,20130518,59
GHCND:USW00094789,JFK INTERNATIONAL AIRPORT NY US,20130519,57
GHCND:USW00094789,JFK INTERNATIONAL AIRPORT NY US,20130520,62
GHCND:USW00094789,JFK INTERNATIONAL AIRPORT NY US,20130521,67
GHCND:USW00094789,JFK INTERNATIONAL AIRPORT NY US,20130522,65
GHCND:USW00094789,JFK INTERNATIONAL AIRPORT NY US,20130523,65
GHCND:USW00094789,JFK INTERNATIONAL AIRPORT NY US,20130524,60
GHCND:USW00094789,JFK INTERNATIONAL AIRPORT NY US,20130525,49
GHCND:USW00094789,JFK INTERNATIONAL AIRPORT NY US,20130526,57
GHCND:USW00094789,JFK INTERNATIONAL AIRPORT NY US,20130527,60
GHCND:USW00094789,JFK INTERNATIONAL AIRPORT NY US,20130528,58
GHCND:USW00094789,JFK INTERNATIONAL AIRPORT NY US,20130529,63
GHCND:USW00094789,JFK INTERNATIONAL AIRPORT NY US,20130530,72
GHCND:USW00094789,JFK INTERNATIONAL AIRPORT NY US,20130531,73
GHCND:USW00094789,JFK INTERNATIONAL AIRPORT NY US,20130601,71
GHCND:USW00094789,JFK INTERNATIONAL AIRPORT NY US,20130602,68
GHCND:USW00094789,JFK INTERNATIONAL AIRPORT NY US,20130603,67
GHCND:USW00094789,JFK INTERNATIONAL AIRPORT NY US,20130604,67
GHCND:USW00094789,JFK INTERNATIONAL AIRPORT NY US,20130605,65
GHCND:USW00094789,JFK INTERNATIONAL AIRPORT NY US,20130606,63
GHCND:USW00094789,JFK INTERNATIONAL AIRPORT NY US,20130607,62
GHCND:USW00094789,JFK INTERNATIONAL AIRPORT NY US,20130608,65
GHCND:USW00094789,JFK INTERNATIONAL AIRPORT NY US,20130609,70
GHCND:USW00094789,JFK INTERNATIONAL AIRPORT NY US,20130610,66
GHCND:USW00094789,JFK INTERNATIONAL AIRPORT NY US,20130611,71
GHCND:USW00094789,JFK INTERNATIONAL AIRPORT NY US,20130612,72
GHCND:USW00094789,JFK INTERNATIONAL AIRPORT NY US,20130613,66
GHCND:USW00094789,JFK INTERNATIONAL AIRPORT NY US,20130614,61
GHCND:USW00094789,JFK INTERNATIONAL AIRPORT NY US,20130615,70
GHCND:USW00094789,JFK INTERNATIONAL AIRPORT NY US,20130616,69
GHCND:USW00094789,JFK INTERNATIONAL AIRPORT NY US,20130617,74
GHCND:USW00094789,JFK INTERNATIONAL AIRPORT NY US,20130618,70
GHCND:USW00094789,JFK INTERNATIONAL AIRPORT NY US,20130619,68
GHCND:USW00094789,JFK INTERNATIONAL AIRPORT NY US,20130620,67
GHCND:USW00094789,JFK INTERNATIONAL AIRPORT NY US,20130621,68
GHCND:USW00094789,JFK INTERNATIONAL AIRPORT NY US,20130622,68
GHCND:USW00094789,JFK INTERNATIONAL AIRPORT NY US,20130623,71
GHCND:USW00094789,JFK INTERNATIONAL AIRPORT NY US,20130624,76
GHCND:USW00094789,JFK INTERNATIONAL AIRPORT NY US,20130625,80
GHCND:USW00094789,JFK INTERNATIONAL AIRPORT NY US,20130626,80
GHCND:USW00094789,JFK INTERNATIONAL AIRPORT NY US,20130627,76
GHCND:USW00094789,JFK INTERNATIONAL AIRPORT NY US,20130628,76
GHCND:USW00094789,JFK INTERNATIONAL AIRPORT NY US,20130629,74
GHCND:USW00094789,JFK INTERNATIONAL AIRPORT NY US,20130630,73
GHCND:USW00094789,JFK INTERNATIONAL AIRPORT NY US,20130701,73
GHCND:USW00094789,JFK INTERNATIONAL AIRPORT NY US,20130702,73
GHCND:USW00094789,JFK INTERNATIONAL AIRPORT NY US,20130703,74
GHCND:USW00094789,JFK INTERNATIONAL AIRPORT NY US,20130704,77
GHCND:USW00094789,JFK INTERNATIONAL AIRPORT NY US,20130705,79
GHCND:USW00094789,JFK INTERNATIONAL AIRPORT NY US,20130706,82
GHCND:USW00094789,JFK INTERNATIONAL AIRPORT NY US,20130707,83
GHCND:USW00094789,JFK INTERNATIONAL AIRPORT NY US,20130708,81
GHCND:USW00094789,JFK INTERNATIONAL AIRPORT NY US,20130709,79
GHCND:USW00094789,JFK INTERNATIONAL AIRPORT NY US,20130710,78
GHCND:USW00094789,JFK INTERNATIONAL AIRPORT NY US,20130711,78
GHCND:USW00094789,JFK INTERNATIONAL AIRPORT NY US,20130712,76
GHCND:USW00094789,JFK INTERNATIONAL AIRPORT NY US,20130713,75
GHCND:USW00094789,JFK INTERNATIONAL AIRPORT NY US,20130714,80
GHCND:USW00094789,JFK INTERNATIONAL AIRPORT NY US,20130715,85
GHCND:USW00094789,JFK INTERNATIONAL AIRPORT NY US,20130716,87
GHCND:USW00094789,JFK INTERNATIONAL AIRPORT NY US,20130717,87
GHCND:USW00094789,JFK INTERNATIONAL AIRPORT NY US,20130718,86
GHCND:USW00094789,JFK INTERNATIONAL AIRPORT NY US,20130719,86
GHCND:USW00094789,JFK INTERNATIONAL AIRPORT NY US,20130720,86
GHCND:USW00094789,JFK INTERNATIONAL AIRPORT NY US,20130721,82
GHCND:USW00094789,JFK INTERNATIONAL AIRPORT NY US,20130722,78
GHCND:USW00094789,JFK INTERNATIONAL AIRPORT NY US,20130723,79
GHCND:USW00094789,JFK INTERNATIONAL AIRPORT NY US,20130724,81
GHCND:USW00094789,JFK INTERNATIONAL AIRPORT NY US,20130725,68
GHCND:USW00094789,JFK INTERNATIONAL AIRPORT NY US,20130726,71
GHCND:USW00094789,JFK INTERNATIONAL AIRPORT NY US,20130727,74
GHCND:USW00094789,JFK INTERNATIONAL AIRPORT NY US,20130728,73
GHCND:USW00094789,JFK INTERNATIONAL AIRPORT NY US,20130729,76
GHCND:USW00094789,JFK INTERNATIONAL AIRPORT NY US,20130730,77
GHCND:USW00094789,JFK INTERNATIONAL AIRPORT NY US,20130731,76
GHCND:USW00094789,JFK INTERNATIONAL AIRPORT NY US,20130801,72
GHCND:USW00094789,JFK INTERNATIONAL AIRPORT NY US,20130802,75
GHCND:USW00094789,JFK INTERNATIONAL AIRPORT NY US,20130803,75
GHCND:USW00094789,JFK INTERNATIONAL AIRPORT NY US,20130804,75
GHCND:USW00094789,JFK INTERNATIONAL AIRPORT NY US,20130805,72
GHCND:USW00094789,JFK INTERNATIONAL AIRPORT NY US,20130806,72
GHCND:USW00094789,JFK INTERNATIONAL AIRPORT NY US,20130807,74
GHCND:USW00094789,JFK INTERNATIONAL AIRPORT NY US,20130808,74
GHCND:USW00094789,JFK INTERNATIONAL AIRPORT NY US,20130809,76
GHCND:USW00094789,JFK INTERNATIONAL AIRPORT NY US,20130810,78
GHCND:USW00094789,JFK INTERNATIONAL AIRPORT NY US,20130811,74
GHCND:USW00094789,JFK INTERNATIONAL AIRPORT NY US,20130812,74
GHCND:USW00094789,JFK INTERNATIONAL AIRPORT NY US,20130813,72
GHCND:USW00094789,JFK INTERNATIONAL AIRPORT NY US,20130814,70
GHCND:USW00094789,JFK INTERNATIONAL AIRPORT NY US,20130815,69
GHCND:USW00094789,JFK INTERNATIONAL AIRPORT NY US,20130816,71
GHCND:USW00094789,JFK INTERNATIONAL AIRPORT NY US,20130817,72
GHCND:USW00094789,JFK INTERNATIONAL AIRPORT NY US,20130818,71
GHCND:USW00094789,JFK INTERNATIONAL AIRPORT NY US,20130819,71
GHCND:USW00094789,JFK INTERNATIONAL AIRPORT NY US,20130820,75
GHCND:USW00094789,JFK INTERNATIONAL AIRPORT NY US,20130821,77
GHCND:USW00094789,JFK INTERNATIONAL AIRPORT NY US,20130822,74
GHCND:USW00094789,JFK INTERNATIONAL AIRPORT NY US,20130823,76
GHCND:USW00094789,JFK INTERNATIONAL AIRPORT NY US,20130824,72
GHCND:USW00094789,JFK INTERNATIONAL AIRPORT NY US,20130825,72
GHCND:USW00094789,JFK INTERNATIONAL AIRPORT NY US,20130826,74
GHCND:USW00094789,JFK INTERNATIONAL AIRPORT NY US,20130827,78
GHCND:USW00094789,JFK INTERNATIONAL AIRPORT NY US,20130828,77
GHCND:USW00094789,JFK INTERNATIONAL AIRPORT NY US,20130829,75
GHCND:USW00094789,JFK INTERNATIONAL AIRPORT NY US,20130830,74
GHCND:USW00094789,JFK INTERNATIONAL AIRPORT NY US,20130831,76
GHCND:USW00094789,JFK INTERNATIONAL AIRPORT NY US,20130901,76
GHCND:USW00094789,JFK INTERNATIONAL AIRPORT NY US,20130902,76
GHCND:USW00094789,JFK INTERNATIONAL AIRPORT NY US,20130903,77
GHCND:USW00094789,JFK INTERNATIONAL AIRPORT NY US,20130904,74
GHCND:USW00094789,JFK INTERNATIONAL AIRPORT NY US,20130905,74
GHCND:USW00094789,JFK INTERNATIONAL AIRPORT NY US,20130906,65
GHCND:USW00094789,JFK INTERNATIONAL AIRPORT NY US,20130907,67
GHCND:USW00094789,JFK INTERNATIONAL AIRPORT NY US,20130908,74
GHCND:USW00094789,JFK INTERNATIONAL AIRPORT NY US,20130909,65
GHCND:USW00094789,JFK INTERNATIONAL AIRPORT NY US,20130910,73
GHCND:USW00094789,JFK INTERNATIONAL AIRPORT NY US,20130911,78
GHCND:USW00094789,JFK INTERNATIONAL AIRPORT NY US,20130912,75
GHCND:USW00094789,JFK INTERNATIONAL AIRPORT NY US,20130913,73
GHCND:USW00094789,JFK INTERNATIONAL AIRPORT NY US,20130914,62
GHCND:USW00094789,JFK INTERNATIONAL AIRPORT NY US,20130915,61
GHCND:USW00094789,JFK INTERNATIONAL AIRPORT NY US,20130916,66
GHCND:USW00094789,JFK INTERNATIONAL AIRPORT NY US,20130917,59
GHCND:USW00094789,JFK INTERNATIONAL AIRPORT NY US,20130918,60
GHCND:USW00094789,JFK INTERNATIONAL AIRPORT NY US,20130919,64
GHCND:USW00094789,JFK INTERNATIONAL AIRPORT NY US,20130920,66
GHCND:USW00094789,JFK INTERNATIONAL AIRPORT NY US,20130921,67
GHCND:USW00094789,JFK INTERNATIONAL AIRPORT NY US,20130922,67
GHCND:USW00094789,JFK INTERNATIONAL AIRPORT NY US,20130923,59
GHCND:USW00094789,JFK INTERNATIONAL AIRPORT NY US,20130924,59
GHCND:USW00094789,JFK INTERNATIONAL AIRPORT NY US,20130925,63
GHCND:USW00094789,JFK INTERNATIONAL AIRPORT NY US,20130926,62
GHCND:USW00094789,JFK INTERNATIONAL AIRPORT NY US,20130927,61
GHCND:USW00094789,JFK INTERNATIONAL AIRPORT NY US,20130928,64
GHCND:USW00094789,JFK INTERNATIONAL AIRPORT NY US,20130929,62
GHCND:USW00094789,JFK INTERNATIONAL AIRPORT NY US,20130930,61
GHCND:USW00094789,JFK INTERNATIONAL AIRPORT NY US,20131001,67
GHCND:USW00094789,JFK INTERNATIONAL AIRPORT NY US,20131002,71
GHCND:USW00094789,JFK INTERNATIONAL AIRPORT NY US,20131003,71
GHCND:USW00094789,JFK INTERNATIONAL AIRPORT NY US,20131004,70
GHCND:USW00094789,JFK INTERNATIONAL AIRPORT NY US,20131005,68
GHCND:USW00094789,JFK INTERNATIONAL AIRPORT NY US,20131006,66
GHCND:USW00094789,JFK INTERNATIONAL AIRPORT NY US,20131007,70
GHCND:USW00094789,JFK INTERNATIONAL AIRPORT NY US,20131008,62
GHCND:USW00094789,JFK INTERNATIONAL AIRPORT NY US,20131009,59
GHCND:USW00094789,JFK INTERNATIONAL AIRPORT NY US,20131010,59
GHCND:USW00094789,JFK INTERNATIONAL AIRPORT NY US,20131011,64
GHCND:USW00094789,JFK INTERNATIONAL AIRPORT NY US,20131012,66
GHCND:USW00094789,JFK INTERNATIONAL AIRPORT NY US,20131013,61
GHCND:USW00094789,JFK INTERNATIONAL AIRPORT NY US,20131014,56
GHCND:USW00094789,JFK INTERNATIONAL AIRPORT NY US,20131015,58
GHCND:USW00094789,JFK INTERNATIONAL AIRPORT NY US,20131016,59
GHCND:USW00094789,JFK INTERNATIONAL AIRPORT NY US,20131017,64
GHCND:USW00094789,JFK INTERNATIONAL AIRPORT NY US,20131018,64
GHCND:USW00094789,JFK INTERNATIONAL AIRPORT NY US,20131019,58
GHCND:USW00094789,JFK INTERNATIONAL AIRPORT NY US,20131020,59
GHCND:USW00094789,JFK INTERNATIONAL AIRPORT NY US,20131021,57
GHCND:USW00094789,JFK INTERNATIONAL AIRPORT NY US,20131022,60
GHCND:USW00094789,JFK INTERNATIONAL AIRPORT NY US,20131023,52
GHCND:USW00094789,JFK INTERNATIONAL AIRPORT NY US,20131024,48
GHCND:USW00094789,JFK INTERNATIONAL AIRPORT NY US,20131025,46
GHCND:USW00094789,JFK INTERNATIONAL AIRPORT NY US,20131026,47
GHCND:USW00094789,JFK INTERNATIONAL AIRPORT NY US,20131027,52
GHCND:USW00094789,JFK INTERNATIONAL AIRPORT NY US,20131028,50
GHCND:USW00094789,JFK INTERNATIONAL AIRPORT NY US,20131029,51
GHCND:USW00094789,JFK INTERNATIONAL AIRPORT NY US,20131030,52
GHCND:USW00094789,JFK INTERNATIONAL AIRPORT NY US,20131031,59
GHCND:USW00094789,JFK INTERNATIONAL AIRPORT NY US,20131101,64
GHCND:USW00094789,JFK INTERNATIONAL AIRPORT NY US,20131102,60
GHCND:USW00094789,JFK INTERNATIONAL AIRPORT NY US,20131103,52
GHCND:USW00094789,JFK INTERNATIONAL AIRPORT NY US,20131104,40
GHCND:USW00094789,JFK INTERNATIONAL AIRPORT NY US,20131105,45
GHCND:USW00094789,JFK INTERNATIONAL AIRPORT NY US,20131106,52
GHCND:USW00094789,JFK INTERNATIONAL AIRPORT NY US,20131107,58
GHCND:USW00094789,JFK INTERNATIONAL AIRPORT NY US,20131108,46
GHCND:USW00094789,JFK INTERNATIONAL AIRPORT NY US,20131109,44
GHCND:USW00094789,JFK INTERNATIONAL AIRPORT NY US,20131110,51
GHCND:USW00094789,JFK INTERNATIONAL AIRPORT NY US,20131111,49
GHCND:USW00094789,JFK INTERNATIONAL AIRPORT NY US,20131112,44
GHCND:USW00094789,JFK INTERNATIONAL AIRPORT NY US,20131113,34
GHCND:USW00094789,JFK INTERNATIONAL AIRPORT NY US,20131114,41
GHCND:USW00094789,JFK INTERNATIONAL AIRPORT NY US,20131115,45
GHCND:USW00094789,JFK INTERNATIONAL AIRPORT NY US,20131116,49
GHCND:USW00094789,JFK INTERNATIONAL AIRPORT NY US,20131117,53
GHCND:USW00094789,JFK INTERNATIONAL AIRPORT NY US,20131118,59
GHCND:USW00094789,JFK INTERNATIONAL AIRPORT NY US,20131119,49
GHCND:USW00094789,JFK INTERNATIONAL AIRPORT NY US,20131120,38
GHCND:USW00094789,JFK INTERNATIONAL AIRPORT NY US,20131121,40
GHCND:USW00094789,JFK INTERNATIONAL AIRPORT NY US,20131122,52
GHCND:USW00094789,JFK INTERNATIONAL AIRPORT NY US,20131123,48
GHCND:USW00094789,JFK INTERNATIONAL AIRPORT NY US,20131124,30
GHCND:USW00094789,JFK INTERNATIONAL AIRPORT NY US,20131125,28
GHCND:USW00094789,JFK INTERNATIONAL AIRPORT NY US,20131126,36
GHCND:USW00094789,JFK INTERNATIONAL AIRPORT NY US,20131127,50
GHCND:USW00094789,JFK INTERNATIONAL AIRPORT NY US,20131128,35
GHCND:USW00094789,JFK INTERNATIONAL AIRPORT NY US,20131129,35
GHCND:USW00094789,JFK INTERNATIONAL AIRPORT NY US,20131130,32
GHCND:USW00094789,JFK INTERNATIONAL AIRPORT NY US,20131201,42
GHCND:USW00094789,JFK INTERNATIONAL AIRPORT NY US,20131202,44
GHCND:USW00094789,JFK INTERNATIONAL AIRPORT NY US,20131203,44
GHCND:USW00094789,JFK INTERNATIONAL AIRPORT NY US,20131204,44
GHCND:USW00094789,JFK INTERNATIONAL AIRPORT NY US,20131205,51
GHCND:USW00094789,JFK INTERNATIONAL AIRPORT NY US,20131206,51
GHCND:USW00094789,JFK INTERNATIONAL AIRPORT NY US,20131207,39
GHCND:USW00094789,JFK INTERNATIONAL AIRPORT NY US,20131208,32
GHCND:USW00094789,JFK INTERNATIONAL AIRPORT NY US,20131209,36
GHCND:USW00094789,JFK INTERNATIONAL AIRPORT NY US,20131210,36
GHCND:USW00094789,JFK INTERNATIONAL AIRPORT NY US,20131211,30
GHCND:USW00094789,JFK INTERNATIONAL AIRPORT NY US,20131212,27
GHCND:USW00094789,JFK INTERNATIONAL AIRPORT NY US,20131213,28
GHCND:USW00094789,JFK INTERNATIONAL AIRPORT NY US,20131214,29
GHCND:USW00094789,JFK INTERNATIONAL AIRPORT NY US,20131215,38
GHCND:USW00094789,JFK INTERNATIONAL AIRPORT NY US,20131216,32
GHCND:USW00094789,JFK INTERNATIONAL AIRPORT NY US,20131217,28
GHCND:USW00094789,JFK INTERNATIONAL AIRPORT NY US,20131218,30
GHCND:USW00094789,JFK INTERNATIONAL AIRPORT NY US,20131219,36
GHCND:USW00094789,JFK INTERNATIONAL AIRPORT NY US,20131220,43
GHCND:USW00094789,JFK INTERNATIONAL AIRPORT NY US,20131221,47
GHCND:USW00094789,JFK INTERNATIONAL AIRPORT NY US,20131222,53
GHCND:USW00094789,JFK INTERNATIONAL AIRPORT NY US,20131223,54
GHCND:USW00094789,JFK INTERNATIONAL AIRPORT NY US,20131224,40
GHCND:USW00094789,JFK INTERNATIONAL AIRPORT NY US,20131225,26
GHCND:USW00094789,JFK INTERNATIONAL AIRPORT NY US,20131226,32
GHCND:USW00094789,JFK INTERNATIONAL AIRPORT NY US,20131227,36
GHCND:USW00094789,JFK INTERNATIONAL AIRPORT NY US,20131228,41
GHCND:USW00094789,JFK INTERNATIONAL AIRPORT NY US,20131229,44
GHCND:USW00094789,JFK INTERNATIONAL AIRPORT NY US,20131230,41
GHCND:USW00094789,JFK INTERNATIONAL AIRPORT NY US,20131231,27
GHCND:USW00094789,JFK INTERNATIONAL AIRPORT NY US,20140101,29
GHCND:USW00094789,JFK INTERNATIONAL AIRPORT NY US,20140102,30
GHCND:USW00094789,JFK INTERNATIONAL AIRPORT NY US,20140103,16
GHCND:USW00094789,JFK INTERNATIONAL AIRPORT NY US,20140104,15
GHCND:USW00094789,JFK INTERNATIONAL AIRPORT NY US,20140105,31
GHCND:USW00094789,JFK INTERNATIONAL AIRPORT NY US,20140106,46
GHCND:USW00094789,JFK INTERNATIONAL AIRPORT NY US,20140107,15
GHCND:USW00094789,JFK INTERNATIONAL AIRPORT NY US,20140108,14
GHCND:USW00094789,JFK INTERNATIONAL AIRPORT NY US,20140109,26
GHCND:USW00094789,JFK INTERNATIONAL AIRPORT NY US,20140110,31
GHCND:USW00094789,JFK INTERNATIONAL AIRPORT NY US,20140111,46
GHCND:USW00094789,JFK INTERNATIONAL AIRPORT NY US,20140112,47
GHCND:USW00094789,JFK INTERNATIONAL AIRPORT NY US,20140113,40
GHCND:USW00094789,JFK INTERNATIONAL AIRPORT NY US,20140114,46
GHCND:USW00094789,JFK INTERNATIONAL AIRPORT NY US,20140115,40
GHCND:USW00094789,JFK INTERNATIONAL AIRPORT NY US,20140116,40
GHCND:USW00094789,JFK INTERNATIONAL AIRPORT NY US,20140117,37
GHCND:USW00094789,JFK INTERNATIONAL AIRPORT NY US,20140118,39
GHCND:USW00094789,JFK INTERNATIONAL AIRPORT NY US,20140119,31
GHCND:USW00094789,JFK INTERNATIONAL AIRPORT NY US,20140120,39
GHCND:USW00094789,JFK INTERNATIONAL AIRPORT NY US,20140121,27
GHCND:USW00094789,JFK INTERNATIONAL AIRPORT NY US,20140122,13
GHCND:USW00094789,JFK INTERNATIONAL AIRPORT NY US,20140123,14
GHCND:USW00094789,JFK INTERNATIONAL AIRPORT NY US,20140124,16
GHCND:USW00094789,JFK INTERNATIONAL AIRPORT NY US,20140125,24
GHCND:USW00094789,JFK INTERNATIONAL AIRPORT NY US,20140126,22
GHCND:USW00094789,JFK INTERNATIONAL AIRPORT NY US,20140127,35
GHCND:USW00094789,JFK INTERNATIONAL AIRPORT NY US,20140128,20
GHCND:USW00094789,JFK INTERNATIONAL AIRPORT NY US,20140129,19
GHCND:USW00094789,JFK INTERNATIONAL AIRPORT NY US,20140130,21
GHCND:USW00094789,JFK INTERNATIONAL AIRPORT NY US,20140131,31
GHCND:USW00094789,JFK INTERNATIONAL AIRPORT NY US,20140201,36
GHCND:USW00094789,JFK INTERNATIONAL AIRPORT NY US,20140202,39
GHCND:USW00094789,JFK INTERNATIONAL AIRPORT NY US,20140203,38
GHCND:USW00094789,JFK INTERNATIONAL AIRPORT NY US,20140204,29
GHCND:USW00094789,JFK INTERNATIONAL AIRPORT NY US,20140205,32
GHCND:USW00094789,JFK INTERNATIONAL AIRPORT NY US,20140206,29
GHCND:USW00094789,JFK INTERNATIONAL AIRPORT NY US,20140207,28
GHCND:USW00094789,JFK INTERNATIONAL AIRPORT NY US,20140208,27
GHCND:USW00094789,JFK INTERNATIONAL AIRPORT NY US,20140209,26
GHCND:USW00094789,JFK INTERNATIONAL AIRPORT NY US,20140210,26
GHCND:USW00094789,JFK INTERNATIONAL AIRPORT NY US,20140211,22
GHCND:USW00094789,JFK INTERNATIONAL AIRPORT NY US,20140212,19
GHCND:USW00094789,JFK INTERNATIONAL AIRPORT NY US,20140213,31
GHCND:USW00094789,JFK INTERNATIONAL AIRPORT NY US,20140214,36
GHCND:USW00094789,JFK INTERNATIONAL AIRPORT NY US,20140215,34
GHCND:USW00094789,JFK INTERNATIONAL AIRPORT NY US,20140216,27
GHCND:USW00094789,JFK INTERNATIONAL AIRPORT NY US,20140217,24
GHCND:USW00094789,JFK INTERNATIONAL AIRPORT NY US,20140218,32
GHCND:USW00094789,JFK INTERNATIONAL AIRPORT NY US,20140219,36
GHCND:USW00094789,JFK INTERNATIONAL AIRPORT NY US,20140220,39
GHCND:USW00094789,JFK INTERNATIONAL AIRPORT NY US,20140221,40
GHCND:USW00094789,JFK INTERNATIONAL AIRPORT NY US,20140222,42
GHCND:USW00094789,JFK INTERNATIONAL AIRPORT NY US,20140223,44
GHCND:USW00094789,JFK INTERNATIONAL AIRPORT NY US,20140224,40
GHCND:USW00094789,JFK INTERNATIONAL AIRPORT NY US,20140225,30
GHCND:USW00094789,JFK INTERNATIONAL AIRPORT NY US,20140226,28
GHCND:USW00094789,JFK INTERNATIONAL AIRPORT NY US,20140227,25
GHCND:USW00094789,JFK INTERNATIONAL AIRPORT NY US,20140228,18
GHCND:USW00094789,JFK INTERNATIONAL AIRPORT NY US,20140301,26
GHCND:USW00094789,JFK INTERNATIONAL AIRPORT NY US,20140302,36
GHCND:USW00094789,JFK INTERNATIONAL AIRPORT NY US,20140303,27
GHCND:USW00094789,JFK INTERNATIONAL AIRPORT NY US,20140304,20
GHCND:USW00094789,JFK INTERNATIONAL AIRPORT NY US,20140305,31
GHCND:USW00094789,JFK INTERNATIONAL AIRPORT NY US,20140306,26
GHCND:USW00094789,JFK INTERNATIONAL AIRPORT NY US,20140307,30
GHCND:USW00094789,JFK INTERNATIONAL AIRPORT NY US,20140308,42
GHCND:USW00094789,JFK INTERNATIONAL AIRPORT NY US,20140309,44
GHCND:USW00094789,JFK INTERNATIONAL AIRPORT NY US,20140310,42
GHCND:USW00094789,JFK INTERNATIONAL AIRPORT NY US,20140311,49
GHCND:USW00094789,JFK INTERNATIONAL AIRPORT NY US,20140312,47
GHCND:USW00094789,JFK INTERNATIONAL AIRPORT NY US,20140313,30
GHCND:USW00094789,JFK INTERNATIONAL AIRPORT NY US,20140314,30
GHCND:USW00094789,JFK INTERNATIONAL AIRPORT NY US,20140315,48
GHCND:USW00094789,JFK INTERNATIONAL AIRPORT NY US,20140316,40
GHCND:USW00094789,JFK INTERNATIONAL AIRPORT NY US,20140317,30
GHCND:USW00094789,JFK INTERNATIONAL AIRPORT NY US,20140318,33
GHCND:USW00094789,JFK INTERNATIONAL AIRPORT NY US,20140319,36
GHCND:USW00094789,JFK INTERNATIONAL AIRPORT NY US,20140320,47
GHCND:USW00094789,JFK INTERNATIONAL AIRPORT NY US,20140321,45
GHCND:USW00094789,JFK INTERNATIONAL AIRPORT NY US,20140322,48
GHCND:USW00094789,JFK INTERNATIONAL AIRPORT NY US,20140323,43
GHCND:USW00094789,JFK INTERNATIONAL AIRPORT NY US,20140324,29
GHCND:USW00094789,JFK INTERNATIONAL AIRPORT NY US,20140325,31
GHCND:USW00094789,JFK INTERNATIONAL AIRPORT NY US,20140326,35
GHCND:USW00094789,JFK INTERNATIONAL AIRPORT NY US,20140327,30
GHCND:USW00094789,JFK INTERNATIONAL AIRPORT NY US,20140328,43
GHCND:USW00094789,JFK INTERNATIONAL AIRPORT NY US,20140329,47
GHCND:USW00094789,JFK INTERNATIONAL AIRPORT NY US,20140330,49
GHCND:USW00094789,JFK INTERNATIONAL AIRPORT NY US,20140331,43
GHCND:USW00094789,JFK INTERNATIONAL AIRPORT NY US,20140401,46
GHCND:USW00094789,JFK INTERNATIONAL AIRPORT NY US,20140402,43
GHCND:USW00094789,JFK INTERNATIONAL AIRPORT NY US,20140403,49
GHCND:USW00094789,JFK INTERNATIONAL AIRPORT NY US,20140404,44
GHCND:USW00094789,JFK INTERNATIONAL AIRPORT NY US,20140405,47
GHCND:USW00094789,JFK INTERNATIONAL AIRPORT NY US,20140406,45
GHCND:USW00094789,JFK INTERNATIONAL AIRPORT NY US,20140407,44
GHCND:USW00094789,JFK INTERNATIONAL AIRPORT NY US,20140408,53
GHCND:USW00094789,JFK INTERNATIONAL AIRPORT NY US,20140409,54
GHCND:USW00094789,JFK INTERNATIONAL AIRPORT NY US,20140410,48
GHCND:USW00094789,JFK INTERNATIONAL AIRPORT NY US,20140411,54
GHCND:USW00094789,JFK INTERNATIONAL AIRPORT NY US,20140412,59
GHCND:USW00094789,JFK INTERNATIONAL AIRPORT NY US,20140413,54
GHCND:USW00094789,JFK INTERNATIONAL AIRPORT NY US,20140414,56
GHCND:USW00094789,JFK INTERNATIONAL AIRPORT NY US,20140415,54
GHCND:USW00094789,JFK INTERNATIONAL AIRPORT NY US,20140416,40
GHCND:USW00094789,JFK INTERNATIONAL AIRPORT NY US,20140417,42
GHCND:USW00094789,JFK INTERNATIONAL AIRPORT NY US,20140418,40
GHCND:USW00094789,JFK INTERNATIONAL AIRPORT NY US,20140419,51
GHCND:USW00094789,JFK INTERNATIONAL AIRPORT NY US,20140420,51
GHCND:USW00094789,JFK INTERNATIONAL AIRPORT NY US,20140421,48
GHCND:USW00094789,JFK INTERNATIONAL AIRPORT NY US,20140422,52
GHCND:USW00094789,JFK INTERNATIONAL AIRPORT NY US,20140423,56
GHCND:USW00094789,JFK INTERNATIONAL AIRPORT NY US,20140424,51
GHCND:USW00094789,JFK INTERNATIONAL AIRPORT NY US,20140425,52
GHCND:USW00094789,JFK INTERNATIONAL AIRPORT NY US,20140426,52
GHCND:USW00094789,JFK INTERNATIONAL AIRPORT NY US,20140427,52
GHCND:USW00094789,JFK INTERNATIONAL AIRPORT NY US,20140428,54
GHCND:USW00094789,JFK INTERNATIONAL AIRPORT NY US,20140429,49
GHCND:USW00094789,JFK INTERNATIONAL AIRPORT NY US,20140430,45
GHCND:USW00094789,JFK INTERNATIONAL AIRPORT NY US,20140501,57
GHCND:USW00094789,JFK INTERNATIONAL AIRPORT NY US,20140502,61
GHCND:USW00094789,JFK INTERNATIONAL AIRPORT NY US,20140503,59
GHCND:USW00094789,JFK INTERNATIONAL AIRPORT NY US,20140504,58
GHCND:USW00094789,JFK INTERNATIONAL AIRPORT NY US,20140505,59
GHCND:USW00094789,JFK INTERNATIONAL AIRPORT NY US,20140506,60
GHCND:USW00094789,JFK INTERNATIONAL AIRPORT NY US,20140507,58
GHCND:USW00094789,JFK INTERNATIONAL AIRPORT NY US,20140508,55
GHCND:USW00094789,JFK INTERNATIONAL AIRPORT NY US,20140509,58
GHCND:USW00094789,JFK INTERNATIONAL AIRPORT NY US,20140510,63
GHCND:USW00094789,JFK INTERNATIONAL AIRPORT NY US,20140511,69
GHCND:USW00094789,JFK INTERNATIONAL AIRPORT NY US,20140512,66
GHCND:USW00094789,JFK INTERNATIONAL AIRPORT NY US,20140513,64
GHCND:USW00094789,JFK INTERNATIONAL AIRPORT NY US,20140514,56
GHCND:USW00094789,JFK INTERNATIONAL AIRPORT NY US,20140515,63
GHCND:USW00094789,JFK INTERNATIONAL AIRPORT NY US,20140516,64
GHCND:USW00094789,JFK INTERNATIONAL AIRPORT NY US,20140517,62
GHCND:USW00094789,JFK INTERNATIONAL AIRPORT NY US,20140518,61
GHCND:USW00094789,JFK INTERNATIONAL AIRPORT NY US,20140519,62
GHCND:USW00094789,JFK INTERNATIONAL AIRPORT NY US,20140520,66
GHCND:USW00094789,JFK INTERNATIONAL AIRPORT NY US,20140521,69
GHCND:USW00094789,JFK INTERNATIONAL AIRPORT NY US,20140522,60
GHCND:USW00094789,JFK INTERNATIONAL AIRPORT NY US,20140523,62
GHCND:USW00094789,JFK INTERNATIONAL AIRPORT NY US,20140524,61
GHCND:USW00094789,JFK INTERNATIONAL AIRPORT NY US,20140525,65
GHCND:USW00094789,JFK INTERNATIONAL AIRPORT NY US,20140526,71
GHCND:USW00094789,JFK INTERNATIONAL AIRPORT NY US,20140527,75
GHCND:USW00094789,JFK INTERNATIONAL AIRPORT NY US,20140528,63
GHCND:USW00094789,JFK INTERNATIONAL AIRPORT NY US,20140529,56
GHCND:USW00094789,JFK INTERNATIONAL AIRPORT NY US,20140530,61
GHCND:USW00094789,JFK INTERNATIONAL AIRPORT NY US,20140531,63
GHCND:USW00094789,JFK INTERNATIONAL AIRPORT NY US,20140601,64
GHCND:USW00094789,JFK INTERNATIONAL AIRPORT NY US,20140602,66
GHCND:USW00094789,JFK INTERNATIONAL AIRPORT NY US,20140603,69
GHCND:USW00094789,JFK INTERNATIONAL AIRPORT NY US,20140604,69
GHCND:USW00094789,JFK INTERNATIONAL AIRPORT NY US,20140605,67
GHCND:USW00094789,JFK INTERNATIONAL AIRPORT NY US,20140606,70
GHCND:USW00094789,JFK INTERNATIONAL AIRPORT NY US,20140607,72
GHCND:USW00094789,JFK INTERNATIONAL AIRPORT NY US,20140608,72
GHCND:USW00094789,JFK INTERNATIONAL AIRPORT NY US,20140609,67
GHCND:USW00094789,JFK INTERNATIONAL AIRPORT NY US,20140610,70
GHCND:USW00094789,JFK INTERNATIONAL AIRPORT NY US,20140611,68
GHCND:USW00094789,JFK INTERNATIONAL AIRPORT NY US,20140612,66
GHCND:USW00094789,JFK INTERNATIONAL AIRPORT NY US,20140613,70
GHCND:USW00094789,JFK INTERNATIONAL AIRPORT NY US,20140614,71
GHCND:USW00094789,JFK INTERNATIONAL AIRPORT NY US,20140615,69
GHCND:USW00094789,JFK INTERNATIONAL AIRPORT NY US,20140616,72
GHCND:USW00094789,JFK INTERNATIONAL AIRPORT NY US,20140617,73
GHCND:USW00094789,JFK INTERNATIONAL AIRPORT NY US,20140618,82
GHCND:USW00094789,JFK INTERNATIONAL AIRPORT NY US,20140619,75
GHCND:USW00094789,JFK INTERNATIONAL AIRPORT NY US,20140620,74
GHCND:USW00094789,JFK INTERNATIONAL AIRPORT NY US,20140621,71
GHCND:USW00094789,JFK INTERNATIONAL AIRPORT NY US,20140622,69
GHCND:USW00094789,JFK INTERNATIONAL AIRPORT NY US,20140623,71
GHCND:USW00094789,JFK INTERNATIONAL AIRPORT NY US,20140624,71
GHCND:USW00094789,JFK INTERNATIONAL AIRPORT NY US,20140625,73
GHCND:USW00094789,JFK INTERNATIONAL AIRPORT NY US,20140626,78
GHCND:USW00094789,JFK INTERNATIONAL AIRPORT NY US,20140627,74
GHCND:USW00094789,JFK INTERNATIONAL AIRPORT NY US,20140628,74
GHCND:USW00094789,JFK INTERNATIONAL AIRPORT NY US,20140629,73
GHCND:USW00094789,JFK INTERNATIONAL AIRPORT NY US,20140630,73
GHCND:USW00094789,JFK INTERNATIONAL AIRPORT NY US,20140701,76
GHCND:USW00094789,JFK INTERNATIONAL AIRPORT NY US,20140702,77
GHCND:USW00094789,JFK INTERNATIONAL AIRPORT NY US,20140703,77
GHCND:USW00094789,JFK INTERNATIONAL AIRPORT NY US,20140704,72
GHCND:USW00094789,JFK INTERNATIONAL AIRPORT NY US,20140705,73
GHCND:USW00094789,JFK INTERNATIONAL AIRPORT NY US,20140706,75
GHCND:USW00094789,JFK INTERNATIONAL AIRPORT NY US,20140707,76
GHCND:USW00094789,JFK INTERNATIONAL AIRPORT NY US,20140708,79
GHCND:USW00094789,JFK INTERNATIONAL AIRPORT NY US,20140709,76
GHCND:USW00094789,JFK INTERNATIONAL AIRPORT NY US,20140710,76
GHCND:USW00094789,JFK INTERNATIONAL AIRPORT NY US,20140711,76
GHCND:USW00094789,JFK INTERNATIONAL AIRPORT NY US,20140712,73
GHCND:USW00094789,JFK INTERNATIONAL AIRPORT NY US,20140713,73
GHCND:USW00094789,JFK INTERNATIONAL AIRPORT NY US,20140714,76
GHCND:USW00094789,JFK INTERNATIONAL AIRPORT NY US,20140715,74
GHCND:USW00094789,JFK INTERNATIONAL AIRPORT NY US,20140716,74
GHCND:USW00094789,JFK INTERNATIONAL AIRPORT NY US,20140717,75
GHCND:USW00094789,JFK INTERNATIONAL AIRPORT NY US,20140718,74
GHCND:USW00094789,JFK INTERNATIONAL AIRPORT NY US,20140719,73
GHCND:USW00094789,JFK INTERNATIONAL AIRPORT NY US,20140720,72
GHCND:USW00094789,JFK INTERNATIONAL AIRPORT NY US,20140721,73
GHCND:USW00094789,JFK INTERNATIONAL AIRPORT NY US,20140722,75
GHCND:USW00094789,JFK INTERNATIONAL AIRPORT NY US,20140723,77
GHCND:USW00094789,JFK INTERNATIONAL AIRPORT NY US,20140724,78
GHCND:USW00094789,JFK INTERNATIONAL AIRPORT NY US,20140725,75
GHCND:USW00094789,JFK INTERNATIONAL AIRPORT NY US,20140726,74
GHCND:USW00094789,JFK INTERNATIONAL AIRPORT NY US,20140727,76
GHCND:USW00094789,JFK INTERNATIONAL AIRPORT NY US,20140728,78
GHCND:USW00094789,JFK INTERNATIONAL AIRPORT NY US,20140729,72
GHCND:USW00094789,JFK INTERNATIONAL AIRPORT NY US,20140730,72
GHCND:USW00094789,JFK INTERNATIONAL AIRPORT NY US,20140731,74
GHCND:USW00094789,JFK INTERNATIONAL AIRPORT NY US,20140801,75
GHCND:USW00094789,JFK INTERNATIONAL AIRPORT NY US,20140802,71
GHCND:USW00094789,JFK INTERNATIONAL AIRPORT NY US,20140803,70
GHCND:USW00094789,JFK INTERNATIONAL AIRPORT NY US,20140804,75
GHCND:USW00094789,JFK INTERNATIONAL AIRPORT NY US,20140805,77
GHCND:USW00094789,JFK INTERNATIONAL AIRPORT NY US,20140806,77
GHCND:USW00094789,JFK INTERNATIONAL AIRPORT NY US,20140807,77
GHCND:USW00094789,JFK INTERNATIONAL AIRPORT NY US,20140808,74
GHCND:USW00094789,JFK INTERNATIONAL AIRPORT NY US,20140809,76
GHCND:USW00094789,JFK INTERNATIONAL AIRPORT NY US,20140810,78
GHCND:USW00094789,JFK INTERNATIONAL AIRPORT NY US,20140811,76
GHCND:USW00094789,JFK INTERNATIONAL AIRPORT NY US,20140812,76
GHCND:USW00094789,JFK INTERNATIONAL AIRPORT NY US,20140813,75
GHCND:USW00094789,JFK INTERNATIONAL AIRPORT NY US,20140814,73
GHCND:USW00094789,JFK INTERNATIONAL AIRPORT NY US,20140815,70
GHCND:USW00094789,JFK INTERNATIONAL AIRPORT NY US,20140816,71
GHCND:USW00094789,JFK INTERNATIONAL AIRPORT NY US,20140817,75
GHCND:USW00094789,JFK INTERNATIONAL AIRPORT NY US,20140818,74
GHCND:USW00094789,JFK INTERNATIONAL AIRPORT NY US,20140819,72
GHCND:USW00094789,JFK INTERNATIONAL AIRPORT NY US,20140820,73
GHCND:USW00094789,JFK INTERNATIONAL AIRPORT NY US,20140821,74
GHCND:USW00094789,JFK INTERNATIONAL AIRPORT NY US,20140822,72
GHCND:USW00094789,JFK INTERNATIONAL AIRPORT NY US,20140823,70
GHCND:USW00094789,JFK INTERNATIONAL AIRPORT NY US,20140824,70
GHCND:USW00094789,JFK INTERNATIONAL AIRPORT NY US,20140825,74
GHCND:USW00094789,JFK INTERNATIONAL AIRPORT NY US,20140826,76
GHCND:USW00094789,JFK INTERNATIONAL AIRPORT NY US,20140827,76
GHCND:USW00094789,JFK INTERNATIONAL AIRPORT NY US,20140828,77
GHCND:USW00094789,JFK INTERNATIONAL AIRPORT NY US,20140829,71
GHCND:USW00094789,JFK INTERNATIONAL AIRPORT NY US,20140830,71
GHCND:USW00094789,JFK INTERNATIONAL AIRPORT NY US,20140831,77
GHCND:USW00094789,JFK INTERNATIONAL AIRPORT NY US,20140901,78
GHCND:USW00094789,JFK INTERNATIONAL AIRPORT NY US,20140902,81
GHCND:USW00094789,JFK INTERNATIONAL AIRPORT NY US,20140903,80
GHCND:USW00094789,JFK INTERNATIONAL AIRPORT NY US,20140904,77
GHCND:USW00094789,JFK INTERNATIONAL AIRPORT NY US,20140905,77
GHCND:USW00094789,JFK INTERNATIONAL AIRPORT NY US,20140906,79
GHCND:USW00094789,JFK INTERNATIONAL AIRPORT NY US,20140907,74
GHCND:USW00094789,JFK INTERNATIONAL AIRPORT NY US,20140908,71
GHCND:USW00094789,JFK INTERNATIONAL AIRPORT NY US,20140909,69
GHCND:USW00094789,JFK INTERNATIONAL AIRPORT NY US,20140910,69
GHCND:USW00094789,JFK INTERNATIONAL AIRPORT NY US,20140911,74
GHCND:USW00094789,JFK INTERNATIONAL AIRPORT NY US,20140912,72
GHCND:USW00094789,JFK INTERNATIONAL AIRPORT NY US,20140913,66
GHCND:USW00094789,JFK INTERNATIONAL AIRPORT NY US,20140914,62
GHCND:USW00094789,JFK INTERNATIONAL AIRPORT NY US,20140915,63
GHCND:USW00094789,JFK INTERNATIONAL AIRPORT NY US,20140916,64
GHCND:USW00094789,JFK INTERNATIONAL AIRPORT NY US,20140917,64
GHCND:USW00094789,JFK INTERNATIONAL AIRPORT NY US,20140918,67
GHCND:USW00094789,JFK INTERNATIONAL AIRPORT NY US,20140919,63
GHCND:USW00094789,JFK INTERNATIONAL AIRPORT NY US,20140920,65
GHCND:USW00094789,JFK INTERNATIONAL AIRPORT NY US,20140921,71
GHCND:USW00094789,JFK INTERNATIONAL AIRPORT NY US,20140922,69
GHCND:USW00094789,JFK INTERNATIONAL AIRPORT NY US,20140923,60
GHCND:USW00094789,JFK INTERNATIONAL AIRPORT NY US,20140924,64
GHCND:USW00094789,JFK INTERNATIONAL AIRPORT NY US,20140925,63
GHCND:USW00094789,JFK INTERNATIONAL AIRPORT NY US,20140926,67
GHCND:USW00094789,JFK INTERNATIONAL AIRPORT NY US,20140927,70
GHCND:USW00094789,JFK INTERNATIONAL AIRPORT NY US,20140928,69
GHCND:USW00094789,JFK INTERNATIONAL AIRPORT NY US,20140929,69
GHCND:USW00094789,JFK INTERNATIONAL AIRPORT NY US,20140930,68
GHCND:USW00094789,JFK INTERNATIONAL AIRPORT NY US,20141001,64
GHCND:USW00094789,JFK INTERNATIONAL AIRPORT NY US,20141002,63
GHCND:USW00094789,JFK INTERNATIONAL AIRPORT NY US,20141003,62
GHCND:USW00094789,JFK INTERNATIONAL AIRPORT NY US,20141004,66
GHCND:USW00094789,JFK INTERNATIONAL AIRPORT NY US,20141005,55
GHCND:USW00094789,JFK INTERNATIONAL AIRPORT NY US,20141006,58
GHCND:USW00094789,JFK INTERNATIONAL AIRPORT NY US,20141007,68
GHCND:USW00094789,JFK INTERNATIONAL AIRPORT NY US,20141008,69
GHCND:USW00094789,JFK INTERNATIONAL AIRPORT NY US,20141009,64
GHCND:USW00094789,JFK INTERNATIONAL AIRPORT NY US,20141010,60
GHCND:USW00094789,JFK INTERNATIONAL AIRPORT NY US,20141011,56
GHCND:USW00094789,JFK INTERNATIONAL AIRPORT NY US,20141012,55
GHCND:USW00094789,JFK INTERNATIONAL AIRPORT NY US,20141013,57
GHCND:USW00094789,JFK INTERNATIONAL AIRPORT NY US,20141014,68
GHCND:USW00094789,JFK INTERNATIONAL AIRPORT NY US,20141015,71
GHCND:USW00094789,JFK INTERNATIONAL AIRPORT NY US,20141016,69
GHCND:USW00094789,JFK INTERNATIONAL AIRPORT NY US,20141017,65
GHCND:USW00094789,JFK INTERNATIONAL AIRPORT NY US,20141018,65
GHCND:USW00094789,JFK INTERNATIONAL AIRPORT NY US,20141019,56
GHCND:USW00094789,JFK INTERNATIONAL AIRPORT NY US,20141020,50
GHCND:USW00094789,JFK INTERNATIONAL AIRPORT NY US,20141021,59
GHCND:USW00094789,JFK INTERNATIONAL AIRPORT NY US,20141022,56
GHCND:USW00094789,JFK INTERNATIONAL AIRPORT NY US,20141023,53
GHCND:USW00094789,JFK INTERNATIONAL AIRPORT NY US,20141024,55
GHCND:USW00094789,JFK INTERNATIONAL AIRPORT NY US,20141025,57
GHCND:USW00094789,JFK INTERNATIONAL AIRPORT NY US,20141026,60
GHCND:USW00094789,JFK INTERNATIONAL AIRPORT NY US,20141027,57
GHCND:USW00094789,JFK INTERNATIONAL AIRPORT NY US,20141028,59
GHCND:USW00094789,JFK INTERNATIONAL AIRPORT NY US,20141029,63
GHCND:USW00094789,JFK INTERNATIONAL AIRPORT NY US,20141030,54
GHCND:USW00094789,JFK INTERNATIONAL AIRPORT NY US,20141031,51
GHCND:USW00094789,JFK INTERNATIONAL AIRPORT NY US,20141101,48
GHCND:USW00094789,JFK INTERNATIONAL AIRPORT NY US,20141102,45
GHCND:USW00094789,JFK INTERNATIONAL AIRPORT NY US,20141103,48
GHCND:USW00094789,JFK INTERNATIONAL AIRPORT NY US,20141104,57
GHCND:USW00094789,JFK INTERNATIONAL AIRPORT NY US,20141105,58
GHCND:USW00094789,JFK INTERNATIONAL AIRPORT NY US,20141106,52
GHCND:USW00094789,JFK INTERNATIONAL AIRPORT NY US,20141107,50
GHCND:USW00094789,JFK INTERNATIONAL AIRPORT NY US,20141108,43
GHCND:USW00094789,JFK INTERNATIONAL AIRPORT NY US,20141109,50
GHCND:USW00094789,JFK INTERNATIONAL AIRPORT NY US,20141110,49
GHCND:USW00094789,JFK INTERNATIONAL AIRPORT NY US,20141111,54
GHCND:USW00094789,JFK INTERNATIONAL AIRPORT NY US,20141112,60
GHCND:USW00094789,JFK INTERNATIONAL AIRPORT NY US,20141113,46
GHCND:USW00094789,JFK INTERNATIONAL AIRPORT NY US,20141114,40
GHCND:USW00094789,JFK INTERNATIONAL AIRPORT NY US,20141115,38
GHCND:USW00094789,JFK INTERNATIONAL AIRPORT NY US,20141116,38
GHCND:USW00094789,JFK INTERNATIONAL AIRPORT NY US,20141117,45
GHCND:USW00094789,JFK INTERNATIONAL AIRPORT NY US,20141118,38
GHCND:USW00094789,JFK INTERNATIONAL AIRPORT NY US,20141119,28
GHCND:USW00094789,JFK INTERNATIONAL AIRPORT NY US,20141120,40
GHCND:USW00094789,JFK INTERNATIONAL AIRPORT NY US,20141121,34
GHCND:USW00094789,JFK INTERNATIONAL AIRPORT NY US,20141122,34
GHCND:USW00094789,JFK INTERNATIONAL AIRPORT NY US,20141123,46
GHCND:USW00094789,JFK INTERNATIONAL AIRPORT NY US,20141124,57
GHCND:USW00094789,JFK INTERNATIONAL AIRPORT NY US,20141125,57
GHCND:USW00094789,JFK INTERNATIONAL AIRPORT NY US,20141126,44
GHCND:USW00094789,JFK INTERNATIONAL AIRPORT NY US,20141127,37
GHCND:USW00094789,JFK INTERNATIONAL AIRPORT NY US,20141128,35
GHCND:USW00094789,JFK INTERNATIONAL AIRPORT NY US,20141129,31
GHCND:USW00094789,JFK INTERNATIONAL AIRPORT NY US,20141130,48
GHCND:USW00094789,JFK INTERNATIONAL AIRPORT NY US,20141201,54
GHCND:USW00094789,JFK INTERNATIONAL AIRPORT NY US,20141202,41
GHCND:USW00094789,JFK INTERNATIONAL AIRPORT NY US,20141203,45
GHCND:USW00094789,JFK INTERNATIONAL AIRPORT NY US,20141204,42
GHCND:USW00094789,JFK INTERNATIONAL AIRPORT NY US,20141205,40
GHCND:USW00094789,JFK INTERNATIONAL AIRPORT NY US,20141206,48
GHCND:USW00094789,JFK INTERNATIONAL AIRPORT NY US,20141207,41
GHCND:USW00094789,JFK INTERNATIONAL AIRPORT NY US,20141208,31
GHCND:USW00094789,JFK INTERNATIONAL AIRPORT NY US,20141209,40
GHCND:USW00094789,JFK INTERNATIONAL AIRPORT NY US,20141210,40
GHCND:USW00094789,JFK INTERNATIONAL AIRPORT NY US,20141211,35
GHCND:USW00094789,JFK INTERNATIONAL AIRPORT NY US,20141212,36
GHCND:USW00094789,JFK INTERNATIONAL AIRPORT NY US,20141213,38
GHCND:USW00094789,JFK INTERNATIONAL AIRPORT NY US,20141214,41
GHCND:USW00094789,JFK INTERNATIONAL AIRPORT NY US,20141215,41
GHCND:USW00094789,JFK INTERNATIONAL AIRPORT NY US,20141216,41
GHCND:USW00094789,JFK INTERNATIONAL AIRPORT NY US,20141217,49
GHCND:USW00094789,JFK INTERNATIONAL AIRPORT NY US,20141218,42
GHCND:USW00094789,JFK INTERNATIONAL AIRPORT NY US,20141219,38
GHCND:USW00094789,JFK INTERNATIONAL AIRPORT NY US,20141220,33
GHCND:USW00094789,JFK INTERNATIONAL AIRPORT NY US,20141221,35
GHCND:USW00094789,JFK INTERNATIONAL AIRPORT NY US,20141222,40
GHCND:USW00094789,JFK INTERNATIONAL AIRPORT NY US,20141223,48
GHCND:USW00094789,JFK INTERNATIONAL AIRPORT NY US,20141224,49
GHCND:USW00094789,JFK INTERNATIONAL AIRPORT NY US,20141225,52
GHCND:USW00094789,JFK INTERNATIONAL AIRPORT NY US,20141226,45
GHCND:USW00094789,JFK INTERNATIONAL AIRPORT NY US,20141227,44
GHCND:USW00094789,JFK INTERNATIONAL AIRPORT NY US,20141228,47
GHCND:USW00094789,JFK INTERNATIONAL AIRPORT NY US,20141229,43
GHCND:USW00094789,JFK INTERNATIONAL AIRPORT NY US,20141230,34
GHCND:USW00094789,JFK INTERNATIONAL AIRPORT NY US,20141231,30
GHCND:USW00094789,JFK INTERNATIONAL AIRPORT NY US,20150101,33
GHCND:USW00094789,JFK INTERNATIONAL AIRPORT NY US,20150102,39
GHCND:USW00094789,JFK INTERNATIONAL AIRPORT NY US,20150103,36
GHCND:USW00094789,JFK INTERNATIONAL AIRPORT NY US,20150104,47
GHCND:USW00094789,JFK INTERNATIONAL AIRPORT NY US,20150105,43
GHCND:USW00094789,JFK INTERNATIONAL AIRPORT NY US,20150106,22
GHCND:USW00094789,JFK INTERNATIONAL AIRPORT NY US,20150107,22
GHCND:USW00094789,JFK INTERNATIONAL AIRPORT NY US,20150108,14
GHCND:USW00094789,JFK INTERNATIONAL AIRPORT NY US,20150109,26
GHCND:USW00094789,JFK INTERNATIONAL AIRPORT NY US,20150110,22
GHCND:USW00094789,JFK INTERNATIONAL AIRPORT NY US,20150111,26
GHCND:USW00094789,JFK INTERNATIONAL AIRPORT NY US,20150112,36
GHCND:USW00094789,JFK INTERNATIONAL AIRPORT NY US,20150113,32
GHCND:USW00094789,JFK INTERNATIONAL AIRPORT NY US,20150114,24
GHCND:USW00094789,JFK INTERNATIONAL AIRPORT NY US,20150115,31
GHCND:USW00094789,JFK INTERNATIONAL AIRPORT NY US,20150116,34
GHCND:USW00094789,JFK INTERNATIONAL AIRPORT NY US,20150117,23
GHCND:USW00094789,JFK INTERNATIONAL AIRPORT NY US,20150118,36
GHCND:USW00094789,JFK INTERNATIONAL AIRPORT NY US,20150119,40
GHCND:USW00094789,JFK INTERNATIONAL AIRPORT NY US,20150120,39
GHCND:USW00094789,JFK INTERNATIONAL AIRPORT NY US,20150121,32
GHCND:USW00094789,JFK INTERNATIONAL AIRPORT NY US,20150122,35
GHCND:USW00094789,JFK INTERNATIONAL AIRPORT NY US,20150123,33
GHCND:USW00094789,JFK INTERNATIONAL AIRPORT NY US,20150124,35
GHCND:USW00094789,JFK INTERNATIONAL AIRPORT NY US,20150125,39
GHCND:USW00094789,JFK INTERNATIONAL AIRPORT NY US,20150126,28
GHCND:USW00094789,JFK INTERNATIONAL AIRPORT NY US,20150127,25
GHCND:USW00094789,JFK INTERNATIONAL AIRPORT NY US,20150128,24
GHCND:USW00094789,JFK INTERNATIONAL AIRPORT NY US,20150129,25
GHCND:USW00094789,JFK INTERNATIONAL AIRPORT NY US,20150130,35
GHCND:USW00094789,JFK INTERNATIONAL AIRPORT NY US,20150131,21
GHCND:USW00094789,JFK INTERNATIONAL AIRPORT NY US,20150201,27
GHCND:USW00094789,JFK INTERNATIONAL AIRPORT NY US,20150202,32
GHCND:USW00094789,JFK INTERNATIONAL AIRPORT NY US,20150203,20
GHCND:USW00094789,JFK INTERNATIONAL AIRPORT NY US,20150204,31
GHCND:USW00094789,JFK INTERNATIONAL AIRPORT NY US,20150205,33
GHCND:USW00094789,JFK INTERNATIONAL AIRPORT NY US,20150206,19
GHCND:USW00094789,JFK INTERNATIONAL AIRPORT NY US,20150207,30
GHCND:USW00094789,JFK INTERNATIONAL AIRPORT NY US,20150208,37
GHCND:USW00094789,JFK INTERNATIONAL AIRPORT NY US,20150209,28
GHCND:USW00094789,JFK INTERNATIONAL AIRPORT NY US,20150210,30
GHCND:USW00094789,JFK INTERNATIONAL AIRPORT NY US,20150211,30
GHCND:USW00094789,JFK INTERNATIONAL AIRPORT NY US,20150212,31
GHCND:USW00094789,JFK INTERNATIONAL AIRPORT NY US,20150213,19
GHCND:USW00094789,JFK INTERNATIONAL AIRPORT NY US,20150214,24
GHCND:USW00094789,JFK INTERNATIONAL AIRPORT NY US,20150215,21
GHCND:USW00094789,JFK INTERNATIONAL AIRPORT NY US,20150216,11
GHCND:USW00094789,JFK INTERNATIONAL AIRPORT NY US,20150217,20
GHCND:USW00094789,JFK INTERNATIONAL AIRPORT NY US,20150218,23
GHCND:USW00094789,JFK INTERNATIONAL AIRPORT NY US,20150219,22
GHCND:USW00094789,JFK INTERNATIONAL AIRPORT NY US,20150220,11
GHCND:USW00094789,JFK INTERNATIONAL AIRPORT NY US,20150221,21
GHCND:USW00094789,JFK INTERNATIONAL AIRPORT NY US,20150222,34
GHCND:USW00094789,JFK INTERNATIONAL AIRPORT NY US,20150223,29
GHCND:USW00094789,JFK INTERNATIONAL AIRPORT NY US,20150224,13
GHCND:USW00094789,JFK INTERNATIONAL AIRPORT NY US,20150225,28
GHCND:USW00094789,JFK INTERNATIONAL AIRPORT NY US,20150226,28
GHCND:USW00094789,JFK INTERNATIONAL AIRPORT NY US,20150227,25
GHCND:USW00094789,JFK INTERNATIONAL AIRPORT NY US,20150228,23
GHCND:USW00094789,JFK INTERNATIONAL AIRPORT NY US,20150301,26
GHCND:USW00094789,JFK INTERNATIONAL AIRPORT NY US,20150302,33
GHCND:USW00094789,JFK INTERNATIONAL AIRPORT NY US,20150303,29
GHCND:USW00094789,JFK INTERNATIONAL AIRPORT NY US,20150304,37
GHCND:USW00094789,JFK INTERNATIONAL AIRPORT NY US,20150305,33
GHCND:USW00094789,JFK INTERNATIONAL AIRPORT NY US,20150306,20
GHCND:USW00094789,JFK INTERNATIONAL AIRPORT NY US,20150307,26
GHCND:USW00094789,JFK INTERNATIONAL AIRPORT NY US,20150308,39
GHCND:USW00094789,JFK INTERNATIONAL AIRPORT NY US,20150309,42
GHCND:USW00094789,JFK INTERNATIONAL AIRPORT NY US,20150310,42
GHCND:USW00094789,JFK INTERNATIONAL AIRPORT NY US,20150311,49
GHCND:USW00094789,JFK INTERNATIONAL AIRPORT NY US,20150312,47
GHCND:USW00094789,JFK INTERNATIONAL AIRPORT NY US,20150313,37
GHCND:USW00094789,JFK INTERNATIONAL AIRPORT NY US,20150314,43
GHCND:USW00094789,JFK INTERNATIONAL AIRPORT NY US,20150315,45
GHCND:USW00094789,JFK INTERNATIONAL AIRPORT NY US,20150316,41
GHCND:USW00094789,JFK INTERNATIONAL AIRPORT NY US,20150317,47
GHCND:USW00094789,JFK INTERNATIONAL AIRPORT NY US,20150318,35
GHCND:USW00094789,JFK INTERNATIONAL AIRPORT NY US,20150319,35
GHCND:USW00094789,JFK INTERNATIONAL AIRPORT NY US,20150320,35
GHCND:USW00094789,JFK INTERNATIONAL AIRPORT NY US,20150321,35
GHCND:USW00094789,JFK INTERNATIONAL AIRPORT NY US,20150322,41
GHCND:USW00094789,JFK INTERNATIONAL AIRPORT NY US,20150323,32
GHCND:USW00094789,JFK INTERNATIONAL AIRPORT NY US,20150324,34
GHCND:USW00094789,JFK INTERNATIONAL AIRPORT NY US,20150325,37
GHCND:USW00094789,JFK INTERNATIONAL AIRPORT NY US,20150326,45
GHCND:USW00094789,JFK INTERNATIONAL AIRPORT NY US,20150327,45
GHCND:USW00094789,JFK INTERNATIONAL AIRPORT NY US,20150328,39
GHCND:USW00094789,JFK INTERNATIONAL AIRPORT NY US,20150329,34
GHCND:USW00094789,JFK INTERNATIONAL AIRPORT NY US,20150330,42
GHCND:USW00094789,JFK INTERNATIONAL AIRPORT NY US,20150331,44
GHCND:USW00094789,JFK INTERNATIONAL AIRPORT NY US,20150401,42
GHCND:USW00094789,JFK INTERNATIONAL AIRPORT NY US,20150402,46
GHCND:USW00094789,JFK INTERNATIONAL AIRPORT NY US,20150403,50
GHCND:USW00094789,JFK INTERNATIONAL AIRPORT NY US,20150404,51
GHCND:USW00094789,JFK INTERNATIONAL AIRPORT NY US,20150405,50
GHCND:USW00094789,JFK INTERNATIONAL AIRPORT NY US,20150406,49
GHCND:USW00094789,JFK INTERNATIONAL AIRPORT NY US,20150407,51
GHCND:USW00094789,JFK INTERNATIONAL AIRPORT NY US,20150408,45
GHCND:USW00094789,JFK INTERNATIONAL AIRPORT NY US,20150409,40
GHCND:USW00094789,JFK INTERNATIONAL AIRPORT NY US,20150410,44
GHCND:USW00094789,JFK INTERNATIONAL AIRPORT NY US,20150411,56
GHCND:USW00094789,JFK INTERNATIONAL AIRPORT NY US,20150412,51
GHCND:USW00094789,JFK INTERNATIONAL AIRPORT NY US,20150413,51
GHCND:USW00094789,JFK INTERNATIONAL AIRPORT NY US,20150414,56
GHCND:USW00094789,JFK INTERNATIONAL AIRPORT NY US,20150415,60
GHCND:USW00094789,JFK INTERNATIONAL AIRPORT NY US,20150416,57
GHCND:USW00094789,JFK INTERNATIONAL AIRPORT NY US,20150417,56
GHCND:USW00094789,JFK INTERNATIONAL AIRPORT NY US,20150418,62
GHCND:USW00094789,JFK INTERNATIONAL AIRPORT NY US,20150419,56
GHCND:USW00094789,JFK INTERNATIONAL AIRPORT NY US,20150420,51
GHCND:USW00094789,JFK INTERNATIONAL AIRPORT NY US,20150421,58
GHCND:USW00094789,JFK INTERNATIONAL AIRPORT NY US,20150422,55
GHCND:USW00094789,JFK INTERNATIONAL AIRPORT NY US,20150423,48
GHCND:USW00094789,JFK INTERNATIONAL AIRPORT NY US,20150424,44
GHCND:USW00094789,JFK INTERNATIONAL AIRPORT NY US,20150425,46
GHCND:USW00094789,JFK INTERNATIONAL AIRPORT NY US,20150426,51
GHCND:USW00094789,JFK INTERNATIONAL AIRPORT NY US,20150427,55
GHCND:USW00094789,JFK INTERNATIONAL AIRPORT NY US,20150428,58
GHCND:USW00094789,JFK INTERNATIONAL AIRPORT NY US,20150429,63
GHCND:USW00094789,JFK INTERNATIONAL AIRPORT NY US,20150430,55
GHCND:USW00094789,JFK INTERNATIONAL AIRPORT NY US,20150501,51
GHCND:USW00094789,JFK INTERNATIONAL AIRPORT NY US,20150502,51
GHCND:USW00094789,JFK INTERNATIONAL AIRPORT NY US,20150503,55
GHCND:USW00094789,JFK INTERNATIONAL AIRPORT NY US,20150504,61
GHCND:USW00094789,JFK INTERNATIONAL AIRPORT NY US,20150505,67
GHCND:USW00094789,JFK INTERNATIONAL AIRPORT NY US,20150506,65
GHCND:USW00094789,JFK INTERNATIONAL AIRPORT NY US,20150507,62
GHCND:USW00094789,JFK INTERNATIONAL AIRPORT NY US,20150508,60
GHCND:USW00094789,JFK INTERNATIONAL AIRPORT NY US,20150509,61
GHCND:USW00094789,JFK INTERNATIONAL AIRPORT NY US,20150510,64
GHCND:USW00094789,JFK INTERNATIONAL AIRPORT NY US,20150511,68
GHCND:USW00094789,JFK INTERNATIONAL AIRPORT NY US,20150512,73
GHCND:USW00094789,JFK INTERNATIONAL AIRPORT NY US,20150513,67
GHCND:USW00094789,JFK INTERNATIONAL AIRPORT NY US,20150514,60
GHCND:USW00094789,JFK INTERNATIONAL AIRPORT NY US,20150515,61
GHCND:USW00094789,JFK INTERNATIONAL AIRPORT NY US,20150516,62
GHCND:USW00094789,JFK INTERNATIONAL AIRPORT NY US,20150517,69
GHCND:USW00094789,JFK INTERNATIONAL AIRPORT NY US,20150518,63
GHCND:USW00094789,JFK INTERNATIONAL AIRPORT NY US,20150519,62
GHCND:USW00094789,JFK INTERNATIONAL AIRPORT NY US,20150520,63
GHCND:USW00094789,JFK INTERNATIONAL AIRPORT NY US,20150521,56
GHCND:USW00094789,JFK INTERNATIONAL AIRPORT NY US,20150522,63
GHCND:USW00094789,JFK INTERNATIONAL AIRPORT NY US,20150523,60
GHCND:USW00094789,JFK INTERNATIONAL AIRPORT NY US,20150524,62
GHCND:USW00094789,JFK INTERNATIONAL AIRPORT NY US,20150525,66
GHCND:USW00094789,JFK INTERNATIONAL AIRPORT NY US,20150526,68
GHCND:USW00094789,JFK INTERNATIONAL AIRPORT NY US,20150527,66
GHCND:USW00094789,JFK INTERNATIONAL AIRPORT NY US,20150528,65
GHCND:USW00094789,JFK INTERNATIONAL AIRPORT NY US,20150529,71
GHCND:USW00094789,JFK INTERNATIONAL AIRPORT NY US,20150530,69
GHCND:USW00094789,JFK INTERNATIONAL AIRPORT NY US,20150531,69
GHCND:USW00094789,JFK INTERNATIONAL AIRPORT NY US,20150601,62
GHCND:USW00094789,JFK INTERNATIONAL AIRPORT NY US,20150602,53
GHCND:USW00094789,JFK INTERNATIONAL AIRPORT NY US,20150603,58
GHCND:USW00094789,JFK INTERNATIONAL AIRPORT NY US,20150604,59
GHCND:USW00094789,JFK INTERNATIONAL AIRPORT NY US,20150605,60
GHCND:USW00094789,JFK INTERNATIONAL AIRPORT NY US,20150606,66
GHCND:USW00094789,JFK INTERNATIONAL AIRPORT NY US,20150607,64
GHCND:USW00094789,JFK INTERNATIONAL AIRPORT NY US,20150608,66
GHCND:USW00094789,JFK INTERNATIONAL AIRPORT NY US,20150609,70
GHCND:USW00094789,JFK INTERNATIONAL AIRPORT NY US,20150610,74
GHCND:USW00094789,JFK INTERNATIONAL AIRPORT NY US,20150611,75
GHCND:USW00094789,JFK INTERNATIONAL AIRPORT NY US,20150612,78
GHCND:USW00094789,JFK INTERNATIONAL AIRPORT NY US,20150613,80
GHCND:USW00094789,JFK INTERNATIONAL AIRPORT NY US,20150614,75
GHCND:USW00094789,JFK INTERNATIONAL AIRPORT NY US,20150615,72
GHCND:USW00094789,JFK INTERNATIONAL AIRPORT NY US,20150616,69
GHCND:USW00094789,JFK INTERNATIONAL AIRPORT NY US,20150617,74
GHCND:USW00094789,JFK INTERNATIONAL AIRPORT NY US,20150618,67
GHCND:USW00094789,JFK INTERNATIONAL AIRPORT NY US,20150619,74
GHCND:USW00094789,JFK INTERNATIONAL AIRPORT NY US,20150620,72
GHCND:USW00094789,JFK INTERNATIONAL AIRPORT NY US,20150621,77
GHCND:USW00094789,JFK INTERNATIONAL AIRPORT NY US,20150622,82
GHCND:USW00094789,JFK INTERNATIONAL AIRPORT NY US,20150623,79
GHCND:USW00094789,JFK INTERNATIONAL AIRPORT NY US,20150624,79
GHCND:USW00094789,JFK INTERNATIONAL AIRPORT NY US,20150625,76
GHCND:USW00094789,JFK INTERNATIONAL AIRPORT NY US,20150626,74
GHCND:USW00094789,JFK INTERNATIONAL AIRPORT NY US,20150627,68
GHCND:USW00094789,JFK INTERNATIONAL AIRPORT NY US,20150628,67
GHCND:USW00094789,JFK INTERNATIONAL AIRPORT NY US,20150629,72
GHCND:USW00094789,JFK INTERNATIONAL AIRPORT NY US,20150630,73
GHCND:USW00094789,JFK INTERNATIONAL AIRPORT NY US,20150701,76
GHCND:USW00094789,JFK INTERNATIONAL AIRPORT NY US,20150702,77
GHCND:USW00094789,JFK INTERNATIONAL AIRPORT NY US,20150703,73
GHCND:USW00094789,JFK INTERNATIONAL AIRPORT NY US,20150704,73
GHCND:USW00094789,JFK INTERNATIONAL AIRPORT NY US,20150705,74
GHCND:USW00094789,JFK INTERNATIONAL AIRPORT NY US,20150706,75
GHCND:USW00094789,JFK INTERNATIONAL AIRPORT NY US,20150707,78
GHCND:USW00094789,JFK INTERNATIONAL AIRPORT NY US,20150708,80
GHCND:USW00094789,JFK INTERNATIONAL AIRPORT NY US,20150709,75
GHCND:USW00094789,JFK INTERNATIONAL AIRPORT NY US,20150710,77
GHCND:USW00094789,JFK INTERNATIONAL AIRPORT NY US,20150711,78
GHCND:USW00094789,JFK INTERNATIONAL AIRPORT NY US,20150712,78
GHCND:USW00094789,JFK INTERNATIONAL AIRPORT NY US,20150713,77
GHCND:USW00094789,JFK INTERNATIONAL AIRPORT NY US,20150714,76
GHCND:USW00094789,JFK INTERNATIONAL AIRPORT NY US,20150715,77
GHCND:USW00094789,JFK INTERNATIONAL AIRPORT NY US,20150716,73
GHCND:USW00094789,JFK INTERNATIONAL AIRPORT NY US,20150717,72
GHCND:USW00094789,JFK INTERNATIONAL AIRPORT NY US,20150718,76
GHCND:USW00094789,JFK INTERNATIONAL AIRPORT NY US,20150719,80
GHCND:USW00094789,JFK INTERNATIONAL AIRPORT NY US,20150720,85
GHCND:USW00094789,JFK INTERNATIONAL AIRPORT NY US,20150721,84
GHCND:USW00094789,JFK INTERNATIONAL AIRPORT NY US,20150722,80
GHCND:USW00094789,JFK INTERNATIONAL AIRPORT NY US,20150723,79
GHCND:USW00094789,JFK INTERNATIONAL AIRPORT NY US,20150724,78
GHCND:USW00094789,JFK INTERNATIONAL AIRPORT NY US,20150725,78
GHCND:USW00094789,JFK INTERNATIONAL AIRPORT NY US,20150726,79
GHCND:USW00094789,JFK INTERNATIONAL AIRPORT NY US,20150727,78
GHCND:USW00094789,JFK INTERNATIONAL AIRPORT NY US,20150728,80
GHCND:USW00094789,JFK INTERNATIONAL AIRPORT NY US,20150729,84
GHCND:USW00094789,JFK INTERNATIONAL AIRPORT NY US,20150730,79
GHCND:USW00094789,JFK INTERNATIONAL AIRPORT NY US,20150731,81
GHCND:USW00094789,JFK INTERNATIONAL AIRPORT NY US,20150801,82
GHCND:USW00094789,JFK INTERNATIONAL AIRPORT NY US,20150802,81
GHCND:USW00094789,JFK INTERNATIONAL AIRPORT NY US,20150803,79
GHCND:USW00094789,JFK INTERNATIONAL AIRPORT NY US,20150804,81
GHCND:USW00094789,JFK INTERNATIONAL AIRPORT NY US,20150805,82
GHCND:USW00094789,JFK INTERNATIONAL AIRPORT NY US,20150806,78
GHCND:USW00094789,JFK INTERNATIONAL AIRPORT NY US,20150807,77
GHCND:USW00094789,JFK INTERNATIONAL AIRPORT NY US,20150808,75
GHCND:USW00094789,JFK INTERNATIONAL AIRPORT NY US,20150809,75
GHCND:USW00094789,JFK INTERNATIONAL AIRPORT NY US,20150810,75
GHCND:USW00094789,JFK INTERNATIONAL AIRPORT NY US,20150811,76
GHCND:USW00094789,JFK INTERNATIONAL AIRPORT NY US,20150812,79
GHCND:USW00094789,JFK INTERNATIONAL AIRPORT NY US,20150813,77
GHCND:USW00094789,JFK INTERNATIONAL AIRPORT NY US,20150814,77
GHCND:USW00094789,JFK INTERNATIONAL AIRPORT NY US,20150815,78
GHCND:USW00094789,JFK INTERNATIONAL AIRPORT NY US,20150816,80
GHCND:USW00094789,JFK INTERNATIONAL AIRPORT NY US,20150817,80
GHCND:USW00094789,JFK INTERNATIONAL AIRPORT NY US,20150818,80
GHCND:USW00094789,JFK INTERNATIONAL AIRPORT NY US,20150819,80
GHCND:USW00094789,JFK INTERNATIONAL AIRPORT NY US,20150820,81
GHCND:USW00094789,JFK INTERNATIONAL AIRPORT NY US,20150821,79
GHCND:USW00094789,JFK INTERNATIONAL AIRPORT NY US,20150822,78
GHCND:USW00094789,JFK INTERNATIONAL AIRPORT NY US,20150823,76
GHCND:USW00094789,JFK INTERNATIONAL AIRPORT NY US,20150824,77
GHCND:USW00094789,JFK INTERNATIONAL AIRPORT NY US,20150825,79
GHCND:USW00094789,JFK INTERNATIONAL AIRPORT NY US,20150826,77
GHCND:USW00094789,JFK INTERNATIONAL AIRPORT NY US,20150827,76
GHCND:USW00094789,JFK INTERNATIONAL AIRPORT NY US,20150828,73
GHCND:USW00094789,JFK INTERNATIONAL AIRPORT NY US,20150829,76
GHCND:USW00094789,JFK INTERNATIONAL AIRPORT NY US,20150830,77
GHCND:USW00094789,JFK INTERNATIONAL AIRPORT NY US,20150831,81
GHCND:USW00094789,JFK INTERNATIONAL AIRPORT NY US,20150901,81
GHCND:USW00094789,JFK INTERNATIONAL AIRPORT NY US,20150902,78
GHCND:USW00094789,JFK INTERNATIONAL AIRPORT NY US,20150903,81
GHCND:USW00094789,JFK INTERNATIONAL AIRPORT NY US,20150904,78
GHCND:USW00094789,JFK INTERNATIONAL AIRPORT NY US,20150905,72
GHCND:USW00094789,JFK INTERNATIONAL AIRPORT NY US,20150906,71
GHCND:USW00094789,JFK INTERNATIONAL AIRPORT NY US,20150907,76
GHCND:USW00094789,JFK INTERNATIONAL AIRPORT NY US,20150908,80
GHCND:USW00094789,JFK INTERNATIONAL AIRPORT NY US,20150909,79
GHCND:USW00094789,JFK INTERNATIONAL AIRPORT NY US,20150910,76
GHCND:USW00094789,JFK INTERNATIONAL AIRPORT NY US,20150911,73
GHCND:USW00094789,JFK INTERNATIONAL AIRPORT NY US,20150912,74
GHCND:USW00094789,JFK INTERNATIONAL AIRPORT NY US,20150913,72
GHCND:USW00094789,JFK INTERNATIONAL AIRPORT NY US,20150914,68
GHCND:USW00094789,JFK INTERNATIONAL AIRPORT NY US,20150915,72
GHCND:USW00094789,JFK INTERNATIONAL AIRPORT NY US,20150916,74
GHCND:USW00094789,JFK INTERNATIONAL AIRPORT NY US,20150917,74
GHCND:USW00094789,JFK INTERNATIONAL AIRPORT NY US,20150918,74
GHCND:USW00094789,JFK INTERNATIONAL AIRPORT NY US,20150919,73
GHCND:USW00094789,JFK INTERNATIONAL AIRPORT NY US,20150920,74
GHCND:USW00094789,JFK INTERNATIONAL AIRPORT NY US,20150921,66
GHCND:USW00094789,JFK INTERNATIONAL AIRPORT NY US,20150922,67
GHCND:USW00094789,JFK INTERNATIONAL AIRPORT NY US,20150923,68
GHCND:USW00094789,JFK INTERNATIONAL AIRPORT NY US,20150924,69
GHCND:USW00094789,JFK INTERNATIONAL AIRPORT NY US,20150925,68
GHCND:USW00094789,JFK INTERNATIONAL AIRPORT NY US,20150926,66
GHCND:USW00094789,JFK INTERNATIONAL AIRPORT NY US,20150927,63
GHCND:USW00094789,JFK INTERNATIONAL AIRPORT NY US,20150928,68
GHCND:USW00094789,JFK INTERNATIONAL AIRPORT NY US,20150929,73
GHCND:USW00094789,JFK INTERNATIONAL AIRPORT NY US,20150930,73
GHCND:USW00094789,JFK INTERNATIONAL AIRPORT NY US,20151001,60
GHCND:USW00094789,JFK INTERNATIONAL AIRPORT NY US,20151002,54
GHCND:USW00094789,JFK INTERNATIONAL AIRPORT NY US,20151003,53
GHCND:USW00094789,JFK INTERNATIONAL AIRPORT NY US,20151004,58
GHCND:USW00094789,JFK INTERNATIONAL AIRPORT NY US,20151005,58
GHCND:USW00094789,JFK INTERNATIONAL AIRPORT NY US,20151006,61
GHCND:USW00094789,JFK INTERNATIONAL AIRPORT NY US,20151007,64
GHCND:USW00094789,JFK INTERNATIONAL AIRPORT NY US,20151008,64
GHCND:USW00094789,JFK INTERNATIONAL AIRPORT NY US,20151009,66
GHCND:USW00094789,JFK INTERNATIONAL AIRPORT NY US,20151010,61
GHCND:USW00094789,JFK INTERNATIONAL AIRPORT NY US,20151011,58
GHCND:USW00094789,JFK INTERNATIONAL AIRPORT NY US,20151012,62
GHCND:USW00094789,JFK INTERNATIONAL AIRPORT NY US,20151013,66
GHCND:USW00094789,JFK INTERNATIONAL AIRPORT NY US,20151014,65
GHCND:USW00094789,JFK INTERNATIONAL AIRPORT NY US,20151015,59
GHCND:USW00094789,JFK INTERNATIONAL AIRPORT NY US,20151016,60
GHCND:USW00094789,JFK INTERNATIONAL AIRPORT NY US,20151017,54
GHCND:USW00094789,JFK INTERNATIONAL AIRPORT NY US,20151018,45
GHCND:USW00094789,JFK INTERNATIONAL AIRPORT NY US,20151019,43
GHCND:USW00094789,JFK INTERNATIONAL AIRPORT NY US,20151020,56
GHCND:USW00094789,JFK INTERNATIONAL AIRPORT NY US,20151021,61
GHCND:USW00094789,JFK INTERNATIONAL AIRPORT NY US,20151022,61
GHCND:USW00094789,JFK INTERNATIONAL AIRPORT NY US,20151023,60
GHCND:USW00094789,JFK INTERNATIONAL AIRPORT NY US,20151024,49
GHCND:USW00094789,JFK INTERNATIONAL AIRPORT NY US,20151025,61
GHCND:USW00094789,JFK INTERNATIONAL AIRPORT NY US,20151026,53
GHCND:USW00094789,JFK INTERNATIONAL AIRPORT NY US,20151027,51
GHCND:USW00094789,JFK INTERNATIONAL AIRPORT NY US,20151028,57
GHCND:USW00094789,JFK INTERNATIONAL AIRPORT NY US,20151029,67
GHCND:USW00094789,JFK INTERNATIONAL AIRPORT NY US,20151030,58
GHCND:USW00094789,JFK INTERNATIONAL AIRPORT NY US,20151031,49
GHCND:USW00094789,JFK INTERNATIONAL AIRPORT NY US,20151101,58
GHCND:USW00094789,JFK INTERNATIONAL AIRPORT NY US,20151102,59
GHCND:USW00094789,JFK INTERNATIONAL AIRPORT NY US,20151103,56
GHCND:USW00094789,JFK INTERNATIONAL AIRPORT NY US,20151104,60
GHCND:USW00094789,JFK INTERNATIONAL AIRPORT NY US,20151105,60
GHCND:USW00094789,JFK INTERNATIONAL AIRPORT NY US,20151106,65
GHCND:USW00094789,JFK INTERNATIONAL AIRPORT NY US,20151107,65
GHCND:USW00094789,JFK INTERNATIONAL AIRPORT NY US,20151108,54
GHCND:USW00094789,JFK INTERNATIONAL AIRPORT NY US,20151109,50
GHCND:USW00094789,JFK INTERNATIONAL AIRPORT NY US,20151110,57
GHCND:USW00094789,JFK INTERNATIONAL AIRPORT NY US,20151111,54
GHCND:USW00094789,JFK INTERNATIONAL AIRPORT NY US,20151112,56
GHCND:USW00094789,JFK INTERNATIONAL AIRPORT NY US,20151113,57
GHCND:USW00094789,JFK INTERNATIONAL AIRPORT NY US,20151114,49
GHCND:USW00094789,JFK INTERNATIONAL AIRPORT NY US,20151115,48
GHCND:USW00094789,JFK INTERNATIONAL AIRPORT NY US,20151116,56
GHCND:USW00094789,JFK INTERNATIONAL AIRPORT NY US,20151117,50
GHCND:USW00094789,JFK INTERNATIONAL AIRPORT NY US,20151118,50
GHCND:USW00094789,JFK INTERNATIONAL AIRPORT NY US,20151119,60
GHCND:USW00094789,JFK INTERNATIONAL AIRPORT NY US,20151120,59
GHCND:USW00094789,JFK INTERNATIONAL AIRPORT NY US,20151121,48
GHCND:USW00094789,JFK INTERNATIONAL AIRPORT NY US,20151122,53
GHCND:USW00094789,JFK INTERNATIONAL AIRPORT NY US,20151123,42
GHCND:USW00094789,JFK INTERNATIONAL AIRPORT NY US,20151124,39
GHCND:USW00094789,JFK INTERNATIONAL AIRPORT NY US,20151125,42
GHCND:USW00094789,JFK INTERNATIONAL AIRPORT NY US,20151126,46
GHCND:USW00094789,JFK INTERNATIONAL AIRPORT NY US,20151127,54
GHCND:USW00094789,JFK INTERNATIONAL AIRPORT NY US,20151128,55
GHCND:USW00094789,JFK INTERNATIONAL AIRPORT NY US,20151129,44
GHCND:USW00094789,JFK INTERNATIONAL AIRPORT NY US,20151130,41
GHCND:USW00094789,JFK INTERNATIONAL AIRPORT NY US,20151201,48
GHCND:USW00094789,JFK INTERNATIONAL AIRPORT NY US,20151202,50
GHCND:USW00094789,JFK INTERNATIONAL AIRPORT NY US,20151203,52
GHCND:USW00094789,JFK INTERNATIONAL AIRPORT NY US,20151204,47
GHCND:USW00094789,JFK INTERNATIONAL AIRPORT NY US,20151205,45
GHCND:USW00094789,JFK INTERNATIONAL AIRPORT NY US,20151206,45
GHCND:USW00094789,JFK INTERNATIONAL AIRPORT NY US,20151207,47
GHCND:USW00094789,JFK INTERNATIONAL AIRPORT NY US,20151208,46
GHCND:USW00094789,JFK INTERNATIONAL AIRPORT NY US,20151209,44
GHCND:USW00094789,JFK INTERNATIONAL AIRPORT NY US,20151210,54
GHCND:USW00094789,JFK INTERNATIONAL AIRPORT NY US,20151211,52
GHCND:USW00094789,JFK INTERNATIONAL AIRPORT NY US,20151212,56
GHCND:USW00094789,JFK INTERNATIONAL AIRPORT NY US,20151213,58
GHCND:USW00094789,JFK INTERNATIONAL AIRPORT NY US,20151214,55
GHCND:USW00094789,JFK INTERNATIONAL AIRPORT NY US,20151215,60
GHCND:USW00094789,JFK INTERNATIONAL AIRPORT NY US,20151216,51
GHCND:USW00094789,JFK INTERNATIONAL AIRPORT NY US,20151217,54
GHCND:USW00094789,JFK INTERNATIONAL AIRPORT NY US,20151218,52
GHCND:USW00094789,JFK INTERNATIONAL AIRPORT NY US,20151219,39
GHCND:USW00094789,JFK INTERNATIONAL AIRPORT NY US,20151220,40
GHCND:USW00094789,JFK INTERNATIONAL AIRPORT NY US,20151221,46
GHCND:USW00094789,JFK INTERNATIONAL AIRPORT NY US,20151222,54
GHCND:USW00094789,JFK INTERNATIONAL AIRPORT NY US,20151223,54
GHCND:USW00094789,JFK INTERNATIONAL AIRPORT NY US,20151224,62
GHCND:USW00094789,JFK INTERNATIONAL AIRPORT NY US,20151225,59
GHCND:USW00094789,JFK INTERNATIONAL AIRPORT NY US,20151226,56
GHCND:USW00094789,JFK INTERNATIONAL AIRPORT NY US,20151227,54
GHCND:USW00094789,JFK INTERNATIONAL AIRPORT NY US,20151228,45
GHCND:USW00094789,JFK INTERNATIONAL AIRPORT NY US,20151229,42
GHCND:USW00094789,JFK INTERNATIONAL AIRPORT NY US,20151230,43
GHCND:USW00094789,JFK INTERNATIONAL AIRPORT NY US,20151231,48
GHCND:USW00094789,JFK INTERNATIONAL AIRPORT NY US,20160101,42
GHCND:USW00094789,JFK INTERNATIONAL AIRPORT NY US,20160102,38
GHCND:USW00094789,JFK INTERNATIONAL AIRPORT NY US,20160103,40
GHCND:USW00094789,JFK INTERNATIONAL AIRPORT NY US,20160104,34
GHCND:USW00094789,JFK INTERNATIONAL AIRPORT NY US,20160105,19
GHCND:USW00094789,JFK INTERNATIONAL AIRPORT NY US,20160106,29
GHCND:USW00094789,JFK INTERNATIONAL AIRPORT NY US,20160107,37
GHCND:USW00094789,JFK INTERNATIONAL AIRPORT NY US,20160108,40
GHCND:USW00094789,JFK INTERNATIONAL AIRPORT NY US,20160109,45
GHCND:USW00094789,JFK INTERNATIONAL AIRPORT NY US,20160110,52
GHCND:USW00094789,JFK INTERNATIONAL AIRPORT NY US,20160111,38
GHCND:USW00094789,JFK INTERNATIONAL AIRPORT NY US,20160112,33
GHCND:USW00094789,JFK INTERNATIONAL AIRPORT NY US,20160113,29
GHCND:USW00094789,JFK INTERNATIONAL AIRPORT NY US,20160114,29
GHCND:USW00094789,JFK INTERNATIONAL AIRPORT NY US,20160115,40
GHCND:USW00094789,JFK INTERNATIONAL AIRPORT NY US,20160116,48
GHCND:USW00094789,JFK INTERNATIONAL AIRPORT NY US,20160117,39
GHCND:USW00094789,JFK INTERNATIONAL AIRPORT NY US,20160118,29
GHCND:USW00094789,JFK INTERNATIONAL AIRPORT NY US,20160119,23
GHCND:USW00094789,JFK INTERNATIONAL AIRPORT NY US,20160120,32
GHCND:USW00094789,JFK INTERNATIONAL AIRPORT NY US,20160121,33
GHCND:USW00094789,JFK INTERNATIONAL AIRPORT NY US,20160122,27
GHCND:USW00094789,JFK INTERNATIONAL AIRPORT NY US,20160123,29
GHCND:USW00094789,JFK INTERNATIONAL AIRPORT NY US,20160124,27
GHCND:USW00094789,JFK INTERNATIONAL AIRPORT NY US,20160125,31
GHCND:USW00094789,JFK INTERNATIONAL AIRPORT NY US,20160126,39
GHCND:USW00094789,JFK INTERNATIONAL AIRPORT NY US,20160127,43
GHCND:USW00094789,JFK INTERNATIONAL AIRPORT NY US,20160128,35
GHCND:USW00094789,JFK INTERNATIONAL AIRPORT NY US,20160129,38
GHCND:USW00094789,JFK INTERNATIONAL AIRPORT NY US,20160130,33
GHCND:USW00094789,JFK INTERNATIONAL AIRPORT NY US,20160131,40
GHCND:USW00094789,JFK INTERNATIONAL AIRPORT NY US,20160201,48
GHCND:USW00094789,JFK INTERNATIONAL AIRPORT NY US,20160202,44
GHCND:USW00094789,JFK INTERNATIONAL AIRPORT NY US,20160203,47
GHCND:USW00094789,JFK INTERNATIONAL AIRPORT NY US,20160204,53
GHCND:USW00094789,JFK INTERNATIONAL AIRPORT NY US,20160205,39
GHCND:USW00094789,JFK INTERNATIONAL AIRPORT NY US,20160206,33
GHCND:USW00094789,JFK INTERNATIONAL AIRPORT NY US,20160207,37
GHCND:USW00094789,JFK INTERNATIONAL AIRPORT NY US,20160208,36
GHCND:USW00094789,JFK INTERNATIONAL AIRPORT NY US,20160209,30
GHCND:USW00094789,JFK INTERNATIONAL AIRPORT NY US,20160210,35
GHCND:USW00094789,JFK INTERNATIONAL AIRPORT NY US,20160211,28
GHCND:USW00094789,JFK INTERNATIONAL AIRPORT NY US,20160212,22
GHCND:USW00094789,JFK INTERNATIONAL AIRPORT NY US,20160213,22
GHCND:USW00094789,JFK INTERNATIONAL AIRPORT NY US,20160214,8
GHCND:USW00094789,JFK INTERNATIONAL AIRPORT NY US,20160215,19
GHCND:USW00094789,JFK INTERNATIONAL AIRPORT NY US,20160216,46
GHCND:USW00094789,JFK INTERNATIONAL AIRPORT NY US,20160217,40
GHCND:USW00094789,JFK INTERNATIONAL AIRPORT NY US,20160218,35
GHCND:USW00094789,JFK INTERNATIONAL AIRPORT NY US,20160219,30
GHCND:USW00094789,JFK INTERNATIONAL AIRPORT NY US,20160220,46
GHCND:USW00094789,JFK INTERNATIONAL AIRPORT NY US,20160221,49
GHCND:USW00094789,JFK INTERNATIONAL AIRPORT NY US,20160222,45
GHCND:USW00094789,JFK INTERNATIONAL AIRPORT NY US,20160223,39
GHCND:USW00094789,JFK INTERNATIONAL AIRPORT NY US,20160224,44
GHCND:USW00094789,JFK INTERNATIONAL AIRPORT NY US,20160225,50
GHCND:USW00094789,JFK INTERNATIONAL AIRPORT NY US,20160226,38
GHCND:USW00094789,JFK INTERNATIONAL AIRPORT NY US,20160227,33
GHCND:USW00094789,JFK INTERNATIONAL AIRPORT NY US,20160228,43
GHCND:USW00094789,JFK INTERNATIONAL AIRPORT NY US,20160229,48
GHCND:USW00094789,JFK INTERNATIONAL AIRPORT NY US,20160301,46
GHCND:USW00094789,JFK INTERNATIONAL AIRPORT NY US,20160302,47
GHCND:USW00094789,JFK INTERNATIONAL AIRPORT NY US,20160303,32
GHCND:USW00094789,JFK INTERNATIONAL AIRPORT NY US,20160304,33
GHCND:USW00094789,JFK INTERNATIONAL AIRPORT NY US,20160305,35
GHCND:USW00094789,JFK INTERNATIONAL AIRPORT NY US,20160306,37
GHCND:USW00094789,JFK INTERNATIONAL AIRPORT NY US,20160307,42
GHCND:USW00094789,JFK INTERNATIONAL AIRPORT NY US,20160308,51
GHCND:USW00094789,JFK INTERNATIONAL AIRPORT NY US,20160309,50
GHCND:USW00094789,JFK INTERNATIONAL AIRPORT NY US,20160310,59
GHCND:USW00094789,JFK INTERNATIONAL AIRPORT NY US,20160311,61
GHCND:USW00094789,JFK INTERNATIONAL AIRPORT NY US,20160312,49
GHCND:USW00094789,JFK INTERNATIONAL AIRPORT NY US,20160313,55
GHCND:USW00094789,JFK INTERNATIONAL AIRPORT NY US,20160314,48
GHCND:USW00094789,JFK INTERNATIONAL AIRPORT NY US,20160315,49
GHCND:USW00094789,JFK INTERNATIONAL AIRPORT NY US,20160316,50
GHCND:USW00094789,JFK INTERNATIONAL AIRPORT NY US,20160317,51
GHCND:USW00094789,JFK INTERNATIONAL AIRPORT NY US,20160318,52
GHCND:USW00094789,JFK INTERNATIONAL AIRPORT NY US,20160319,44
GHCND:USW00094789,JFK INTERNATIONAL AIRPORT NY US,20160320,40
GHCND:USW00094789,JFK INTERNATIONAL AIRPORT NY US,20160321,40
GHCND:USW00094789,JFK INTERNATIONAL AIRPORT NY US,20160322,43
GHCND:USW00094789,JFK INTERNATIONAL AIRPORT NY US,20160323,55
GHCND:USW00094789,JFK INTERNATIONAL AIRPORT NY US,20160324,49
GHCND:USW00094789,JFK INTERNATIONAL AIRPORT NY US,20160325,52
GHCND:USW00094789,JFK INTERNATIONAL AIRPORT NY US,20160326,47
GHCND:USW00094789,JFK INTERNATIONAL AIRPORT NY US,20160327,44
GHCND:USW00094789,JFK INTERNATIONAL AIRPORT NY US,20160328,49
GHCND:USW00094789,JFK INTERNATIONAL AIRPORT NY US,20160329,51
GHCND:USW00094789,JFK INTERNATIONAL AIRPORT NY US,20160330,44
GHCND:USW00094789,JFK INTERNATIONAL AIRPORT NY US,20160331,53
GHCND:USW00094789,JFK INTERNATIONAL AIRPORT NY US,20160401,56
GHCND:USW00094789,JFK INTERNATIONAL AIRPORT NY US,20160402,53
GHCND:USW00094789,JFK INTERNATIONAL AIRPORT NY US,20160403,42
GHCND:USW00094789,JFK INTERNATIONAL AIRPORT NY US,20160404,42
GHCND:USW00094789,JFK INTERNATIONAL AIRPORT NY US,20160405,34
GHCND:USW00094789,JFK INTERNATIONAL AIRPORT NY US,20160406,37
GHCND:USW00094789,JFK INTERNATIONAL AIRPORT NY US,20160407,51
GHCND:USW00094789,JFK INTERNATIONAL AIRPORT NY US,20160408,48
GHCND:USW00094789,JFK INTERNATIONAL AIRPORT NY US,20160409,40
GHCND:USW00094789,JFK INTERNATIONAL AIRPORT NY US,20160410,40
GHCND:USW00094789,JFK INTERNATIONAL AIRPORT NY US,20160411,48
GHCND:USW00094789,JFK INTERNATIONAL AIRPORT NY US,20160412,52
GHCND:USW00094789,JFK INTERNATIONAL AIRPORT NY US,20160413,47
GHCND:USW00094789,JFK INTERNATIONAL AIRPORT NY US,20160414,47
GHCND:USW00094789,JFK INTERNATIONAL AIRPORT NY US,20160415,48
GHCND:USW00094789,JFK INTERNATIONAL AIRPORT NY US,20160416,50
GHCND:USW00094789,JFK INTERNATIONAL AIRPORT NY US,20160417,53
GHCND:USW00094789,JFK INTERNATIONAL AIRPORT NY US,20160418,60
GHCND:USW00094789,JFK INTERNATIONAL AIRPORT NY US,20160419,63
GHCND:USW00094789,JFK INTERNATIONAL AIRPORT NY US,20160420,58
GHCND:USW00094789,JFK INTERNATIONAL AIRPORT NY US,20160421,54
GHCND:USW00094789,JFK INTERNATIONAL AIRPORT NY US,20160422,61
GHCND:USW00094789,JFK INTERNATIONAL AIRPORT NY US,20160423,64
GHCND:USW00094789,JFK INTERNATIONAL AIRPORT NY US,20160424,56
GHCND:USW00094789,JFK INTERNATIONAL AIRPORT NY US,20160425,55
GHCND:USW00094789,JFK INTERNATIONAL AIRPORT NY US,20160426,56
GHCND:USW00094789,JFK INTERNATIONAL AIRPORT NY US,20160427,50
GHCND:USW00094789,JFK INTERNATIONAL AIRPORT NY US,20160428,52
GHCND:USW00094789,JFK INTERNATIONAL AIRPORT NY US,20160429,51
GHCND:USW00094789,JFK INTERNATIONAL AIRPORT NY US,20160430,51
GHCND:USW00094789,JFK INTERNATIONAL AIRPORT NY US,20160501,49
GHCND:USW00094789,JFK INTERNATIONAL AIRPORT NY US,20160502,49
GHCND:USW00094789,JFK INTERNATIONAL AIRPORT NY US,20160503,53
GHCND:USW00094789,JFK INTERNATIONAL AIRPORT NY US,20160504,51
GHCND:USW00094789,JFK INTERNATIONAL AIRPORT NY US,20160505,51
GHCND:USW00094789,JFK INTERNATIONAL AIRPORT NY US,20160506,51
GHCND:USW00094789,JFK INTERNATIONAL AIRPORT NY US,20160507,51
GHCND:USW00094789,JFK INTERNATIONAL AIRPORT NY US,20160508,54
GHCND:USW00094789,JFK INTERNATIONAL AIRPORT NY US,20160509,61
GHCND:USW00094789,JFK INTERNATIONAL AIRPORT NY US,20160510,57
GHCND:USW00094789,JFK INTERNATIONAL AIRPORT NY US,20160511,60
GHCND:USW00094789,JFK INTERNATIONAL AIRPORT NY US,20160512,62
GHCND:USW00094789,JFK INTERNATIONAL AIRPORT NY US,20160513,57
GHCND:USW00094789,JFK INTERNATIONAL AIRPORT NY US,20160514,63
GHCND:USW00094789,JFK INTERNATIONAL AIRPORT NY US,20160515,56
GHCND:USW00094789,JFK INTERNATIONAL AIRPORT NY US,20160516,53
GHCND:USW00094789,JFK INTERNATIONAL AIRPORT NY US,20160517,59
GHCND:USW00094789,JFK INTERNATIONAL AIRPORT NY US,20160518,57
GHCND:USW00094789,JFK INTERNATIONAL AIRPORT NY US,20160519,57
GHCND:USW00094789,JFK INTERNATIONAL AIRPORT NY US,20160520,61
GHCND:USW00094789,JFK INTERNATIONAL AIRPORT NY US,20160521,58
GHCND:USW00094789,JFK INTERNATIONAL AIRPORT NY US,20160522,59
GHCND:USW00094789,JFK INTERNATIONAL AIRPORT NY US,20160523,61
GHCND:USW00094789,JFK INTERNATIONAL AIRPORT NY US,20160524,65
GHCND:USW00094789,JFK INTERNATIONAL AIRPORT NY US,20160525,71
GHCND:USW00094789,JFK INTERNATIONAL AIRPORT NY US,20160526,74
GHCND:USW00094789,JFK INTERNATIONAL AIRPORT NY US,20160527,69
GHCND:USW00094789,JFK INTERNATIONAL AIRPORT NY US,20160528,71
GHCND:USW00094789,JFK INTERNATIONAL AIRPORT NY US,20160529,70
GHCND:USW00094789,JFK INTERNATIONAL AIRPORT NY US,20160530,68
GHCND:USW00094789,JFK INTERNATIONAL AIRPORT NY US,20160531,70
GHCND:USW00094789,JFK INTERNATIONAL AIRPORT NY US,20160601,73
GHCND:USW00094789,JFK INTERNATIONAL AIRPORT NY US,20160602,66
GHCND:USW00094789,JFK INTERNATIONAL AIRPORT NY US,20160603,65
GHCND:USW00094789,JFK INTERNATIONAL AIRPORT NY US,20160604,69
GHCND:USW00094789,JFK INTERNATIONAL AIRPORT NY US,20160605,68
GHCND:USW00094789,JFK INTERNATIONAL AIRPORT NY US,20160606,73
GHCND:USW00094789,JFK INTERNATIONAL AIRPORT NY US,20160607,75
GHCND:USW00094789,JFK INTERNATIONAL AIRPORT NY US,20160608,65
GHCND:USW00094789,JFK INTERNATIONAL AIRPORT NY US,20160609,64
GHCND:USW00094789,JFK INTERNATIONAL AIRPORT NY US,20160610,68
GHCND:USW00094789,JFK INTERNATIONAL AIRPORT NY US,20160611,70
GHCND:USW00094789,JFK INTERNATIONAL AIRPORT NY US,20160612,81
GHCND:USW00094789,JFK INTERNATIONAL AIRPORT NY US,20160613,67
GHCND:USW00094789,JFK INTERNATIONAL AIRPORT NY US,20160614,70
GHCND:USW00094789,JFK INTERNATIONAL AIRPORT NY US,20160615,73
GHCND:USW00094789,JFK INTERNATIONAL AIRPORT NY US,20160616,69
GHCND:USW00094789,JFK INTERNATIONAL AIRPORT NY US,20160617,70
GHCND:USW00094789,JFK INTERNATIONAL AIRPORT NY US,20160618,69
GHCND:USW00094789,JFK INTERNATIONAL AIRPORT NY US,20160619,71
GHCND:USW00094789,JFK INTERNATIONAL AIRPORT NY US,20160620,69
GHCND:USW00094789,JFK INTERNATIONAL AIRPORT NY US,20160621,78
GHCND:USW00094789,JFK INTERNATIONAL AIRPORT NY US,20160622,80
GHCND:USW00094789,JFK INTERNATIONAL AIRPORT NY US,20160623,77
GHCND:USW00094789,JFK INTERNATIONAL AIRPORT NY US,20160624,76
GHCND:USW00094789,JFK INTERNATIONAL AIRPORT NY US,20160625,73
GHCND:USW00094789,JFK INTERNATIONAL AIRPORT NY US,20160626,73
GHCND:USW00094789,JFK INTERNATIONAL AIRPORT NY US,20160627,73
GHCND:USW00094789,JFK INTERNATIONAL AIRPORT NY US,20160628,72
GHCND:USW00094789,JFK INTERNATIONAL AIRPORT NY US,20160629,78
GHCND:USW00094789,JFK INTERNATIONAL AIRPORT NY US,20160630,78
GHCND:USW00094789,JFK INTERNATIONAL AIRPORT NY US,20160701,74
GHCND:USW00094789,JFK INTERNATIONAL AIRPORT NY US,20160702,74
GHCND:USW00094789,JFK INTERNATIONAL AIRPORT NY US,20160703,75
GHCND:USW00094789,JFK INTERNATIONAL AIRPORT NY US,20160704,74
GHCND:USW00094789,JFK INTERNATIONAL AIRPORT NY US,20160705,78
GHCND:USW00094789,JFK INTERNATIONAL AIRPORT NY US,20160706,82
GHCND:USW00094789,JFK INTERNATIONAL AIRPORT NY US,20160707,79
GHCND:USW00094789,JFK INTERNATIONAL AIRPORT NY US,20160708,78
GHCND:USW00094789,JFK INTERNATIONAL AIRPORT NY US,20160709,69
GHCND:USW00094789,JFK INTERNATIONAL AIRPORT NY US,20160710,73
GHCND:USW00094789,JFK INTERNATIONAL AIRPORT NY US,20160711,74
GHCND:USW00094789,JFK INTERNATIONAL AIRPORT NY US,20160712,73
GHCND:USW00094789,JFK INTERNATIONAL AIRPORT NY US,20160713,75
GHCND:USW00094789,JFK INTERNATIONAL AIRPORT NY US,20160714,78
GHCND:USW00094789,JFK INTERNATIONAL AIRPORT NY US,20160715,83
GHCND:USW00094789,JFK INTERNATIONAL AIRPORT NY US,20160716,82
GHCND:USW00094789,JFK INTERNATIONAL AIRPORT NY US,20160717,79
GHCND:USW00094789,JFK INTERNATIONAL AIRPORT NY US,20160718,80
GHCND:USW00094789,JFK INTERNATIONAL AIRPORT NY US,20160719,80
GHCND:USW00094789,JFK INTERNATIONAL AIRPORT NY US,20160720,76
GHCND:USW00094789,JFK INTERNATIONAL AIRPORT NY US,20160721,77
GHCND:USW00094789,JFK INTERNATIONAL AIRPORT NY US,20160722,80
GHCND:USW00094789,JFK INTERNATIONAL AIRPORT NY US,20160723,87
GHCND:USW00094789,JFK INTERNATIONAL AIRPORT NY US,20160724,83
GHCND:USW00094789,JFK INTERNATIONAL AIRPORT NY US,20160725,78
GHCND:USW00094789,JFK INTERNATIONAL AIRPORT NY US,20160726,82
GHCND:USW00094789,JFK INTERNATIONAL AIRPORT NY US,20160727,82
GHCND:USW00094789,JFK INTERNATIONAL AIRPORT NY US,20160728,80
GHCND:USW00094789,JFK INTERNATIONAL AIRPORT NY US,20160729,77
GHCND:USW00094789,JFK INTERNATIONAL AIRPORT NY US,20160730,77
GHCND:USW00094789,JFK INTERNATIONAL AIRPORT NY US,20160731,77
GHCND:USW00094789,JFK INTERNATIONAL AIRPORT NY US,20160801,74
GHCND:USW00094789,JFK INTERNATIONAL AIRPORT NY US,20160802,74
GHCND:USW00094789,JFK INTERNATIONAL AIRPORT NY US,20160803,72
GHCND:USW00094789,JFK INTERNATIONAL AIRPORT NY US,20160804,72
GHCND:USW00094789,JFK INTERNATIONAL AIRPORT NY US,20160805,74
GHCND:USW00094789,JFK INTERNATIONAL AIRPORT NY US,20160806,77
GHCND:USW00094789,JFK INTERNATIONAL AIRPORT NY US,20160807,80
GHCND:USW00094789,JFK INTERNATIONAL AIRPORT NY US,20160808,80
GHCND:USW00094789,JFK INTERNATIONAL AIRPORT NY US,20160809,78
GHCND:USW00094789,JFK INTERNATIONAL AIRPORT NY US,20160810,79
GHCND:USW00094789,JFK INTERNATIONAL AIRPORT NY US,20160811,82
GHCND:USW00094789,JFK INTERNATIONAL AIRPORT NY US,20160812,83
GHCND:USW00094789,JFK INTERNATIONAL AIRPORT NY US,20160813,85
GHCND:USW00094789,JFK INTERNATIONAL AIRPORT NY US,20160814,87
GHCND:USW00094789,JFK INTERNATIONAL AIRPORT NY US,20160815,84
GHCND:USW00094789,JFK INTERNATIONAL AIRPORT NY US,20160816,82
GHCND:USW00094789,JFK INTERNATIONAL AIRPORT NY US,20160817,82
GHCND:USW00094789,JFK INTERNATIONAL AIRPORT NY US,20160818,79
GHCND:USW00094789,JFK INTERNATIONAL AIRPORT NY US,20160819,80
GHCND:USW00094789,JFK INTERNATIONAL AIRPORT NY US,20160820,79
GHCND:USW00094789,JFK INTERNATIONAL AIRPORT NY US,20160821,80
GHCND:USW00094789,JFK INTERNATIONAL AIRPORT NY US,20160822,76
GHCND:USW00094789,JFK INTERNATIONAL AIRPORT NY US,20160823,71
GHCND:USW00094789,JFK INTERNATIONAL AIRPORT NY US,20160824,75
GHCND:USW00094789,JFK INTERNATIONAL AIRPORT NY US,20160825,76
GHCND:USW00094789,JFK INTERNATIONAL AIRPORT NY US,20160826,81
GHCND:USW00094789,JFK INTERNATIONAL AIRPORT NY US,20160827,81
GHCND:USW00094789,JFK INTERNATIONAL AIRPORT NY US,20160828,78
GHCND:USW00094789,JFK INTERNATIONAL AIRPORT NY US,20160829,81
GHCND:USW00094789,JFK INTERNATIONAL AIRPORT NY US,20160830,77
GHCND:USW00094789,JFK INTERNATIONAL AIRPORT NY US,20160831,77
GHCND:USW00094789,JFK INTERNATIONAL AIRPORT NY US,20160901,76
GHCND:USW00094789,JFK INTERNATIONAL AIRPORT NY US,20160902,73
GHCND:USW00094789,JFK INTERNATIONAL AIRPORT NY US,20160903,74
GHCND:USW00094789,JFK INTERNATIONAL AIRPORT NY US,20160904,72
GHCND:USW00094789,JFK INTERNATIONAL AIRPORT NY US,20160905,72
GHCND:USW00094789,JFK INTERNATIONAL AIRPORT NY US,20160906,76
GHCND:USW00094789,JFK INTERNATIONAL AIRPORT NY US,20160907,76
GHCND:USW00094789,JFK INTERNATIONAL AIRPORT NY US,20160908,77
GHCND:USW00094789,JFK INTERNATIONAL AIRPORT NY US,20160909,83
GHCND:USW00094789,JFK INTERNATIONAL AIRPORT NY US,20160910,80
GHCND:USW00094789,JFK INTERNATIONAL AIRPORT NY US,20160911,79
GHCND:USW00094789,JFK INTERNATIONAL AIRPORT NY US,20160912,70
GHCND:USW00094789,JFK INTERNATIONAL AIRPORT NY US,20160913,70
GHCND:USW00094789,JFK INTERNATIONAL AIRPORT NY US,20160914,74
GHCND:USW00094789,JFK INTERNATIONAL AIRPORT NY US,20160915,69
GHCND:USW00094789,JFK INTERNATIONAL AIRPORT NY US,20160916,66
GHCND:USW00094789,JFK INTERNATIONAL AIRPORT NY US,20160917,66
GHCND:USW00094789,JFK INTERNATIONAL AIRPORT NY US,20160918,74
GHCND:USW00094789,JFK INTERNATIONAL AIRPORT NY US,20160919,73
GHCND:USW00094789,JFK INTERNATIONAL AIRPORT NY US,20160920,73
GHCND:USW00094789,JFK INTERNATIONAL AIRPORT NY US,20160921,73
GHCND:USW00094789,JFK INTERNATIONAL AIRPORT NY US,20160922,73
GHCND:USW00094789,JFK INTERNATIONAL AIRPORT NY US,20160923,71
GHCND:USW00094789,JFK INTERNATIONAL AIRPORT NY US,20160924,67
GHCND:USW00094789,JFK INTERNATIONAL AIRPORT NY US,20160925,62
GHCND:USW00094789,JFK INTERNATIONAL AIRPORT NY US,20160926,62
GHCND:USW00094789,JFK INTERNATIONAL AIRPORT NY US,20160927,70
GHCND:USW00094789,JFK INTERNATIONAL AIRPORT NY US,20160928,65
GHCND:USW00094789,JFK INTERNATIONAL AIRPORT NY US,20160929,62
GHCND:USW00094789,JFK INTERNATIONAL AIRPORT NY US,20160930,61
GHCND:USW00094789,JFK INTERNATIONAL AIRPORT NY US,20161001,60
GHCND:USW00094789,JFK INTERNATIONAL AIRPORT NY US,20161002,61
GHCND:USW00094789,JFK INTERNATIONAL AIRPORT NY US,20161003,65
GHCND:USW00094789,JFK INTERNATIONAL AIRPORT NY US,20161004,65
GHCND:USW00094789,JFK INTERNATIONAL AIRPORT NY US,20161005,60
GHCND:USW00094789,JFK INTERNATIONAL AIRPORT NY US,20161006,60
GHCND:USW00094789,JFK INTERNATIONAL AIRPORT NY US,20161007,61
GHCND:USW00094789,JFK INTERNATIONAL AIRPORT NY US,20161008,62
GHCND:USW00094789,JFK INTERNATIONAL AIRPORT NY US,20161009,60
GHCND:USW00094789,JFK INTERNATIONAL AIRPORT NY US,20161010,55
GHCND:USW00094789,JFK INTERNATIONAL AIRPORT NY US,20161011,54
GHCND:USW00094789,JFK INTERNATIONAL AIRPORT NY US,20161012,57
GHCND:USW00094789,JFK INTERNATIONAL AIRPORT NY US,20161013,59
GHCND:USW00094789,JFK INTERNATIONAL AIRPORT NY US,20161014,56
GHCND:USW00094789,JFK INTERNATIONAL AIRPORT NY US,20161015,54
GHCND:USW00094789,JFK INTERNATIONAL AIRPORT NY US,20161016,60
GHCND:USW00094789,JFK INTERNATIONAL AIRPORT NY US,20161017,67
GHCND:USW00094789,JFK INTERNATIONAL AIRPORT NY US,20161018,67
GHCND:USW00094789,JFK INTERNATIONAL AIRPORT NY US,20161019,73
GHCND:USW00094789,JFK INTERNATIONAL AIRPORT NY US,20161020,67
GHCND:USW00094789,JFK INTERNATIONAL AIRPORT NY US,20161021,68
GHCND:USW00094789,JFK INTERNATIONAL AIRPORT NY US,20161022,55
GHCND:USW00094789,JFK INTERNATIONAL AIRPORT NY US,20161023,54
GHCND:USW00094789,JFK INTERNATIONAL AIRPORT NY US,20161024,59
GHCND:USW00094789,JFK INTERNATIONAL AIRPORT NY US,20161025,51
GHCND:USW00094789,JFK INTERNATIONAL AIRPORT NY US,20161026,46
GHCND:USW00094789,JFK INTERNATIONAL AIRPORT NY US,20161027,46
GHCND:USW00094789,JFK INTERNATIONAL AIRPORT NY US,20161028,51
GHCND:USW00094789,JFK INTERNATIONAL AIRPORT NY US,20161029,49
GHCND:USW00094789,JFK INTERNATIONAL AIRPORT NY US,20161030,66
GHCND:USW00094789,JFK INTERNATIONAL AIRPORT NY US,20161031,53
GHCND:USW00094789,JFK INTERNATIONAL AIRPORT NY US,20161101,49
GHCND:USW00094789,JFK INTERNATIONAL AIRPORT NY US,20161102,59
GHCND:USW00094789,JFK INTERNATIONAL AIRPORT NY US,20161103,63
GHCND:USW00094789,JFK INTERNATIONAL AIRPORT NY US,20161104,58
GHCND:USW00094789,JFK INTERNATIONAL AIRPORT NY US,20161105,54
GHCND:USW00094789,JFK INTERNATIONAL AIRPORT NY US,20161106,56
GHCND:USW00094789,JFK INTERNATIONAL AIRPORT NY US,20161107,48
GHCND:USW00094789,JFK INTERNATIONAL AIRPORT NY US,20161108,52
GHCND:USW00094789,JFK INTERNATIONAL AIRPORT NY US,20161109,55
GHCND:USW00094789,JFK INTERNATIONAL AIRPORT NY US,20161110,50
GHCND:USW00094789,JFK INTERNATIONAL AIRPORT NY US,20161111,55
GHCND:USW00094789,JFK INTERNATIONAL AIRPORT NY US,20161112,44
GHCND:USW00094789,JFK INTERNATIONAL AIRPORT NY US,20161113,49
GHCND:USW00094789,JFK INTERNATIONAL AIRPORT NY US,20161114,51
GHCND:USW00094789,JFK INTERNATIONAL AIRPORT NY US,20161115,51
GHCND:USW00094789,JFK INTERNATIONAL AIRPORT NY US,20161116,52
GHCND:USW00094789,JFK INTERNATIONAL AIRPORT NY US,20161117,56
GHCND:USW00094789,JFK INTERNATIONAL AIRPORT NY US,20161118,54
GHCND:USW00094789,JFK INTERNATIONAL AIRPORT NY US,20161119,53
GHCND:USW00094789,JFK INTERNATIONAL AIRPORT NY US,20161120,44
GHCND:USW00094789,JFK INTERNATIONAL AIRPORT NY US,20161121,40
GHCND:USW00094789,JFK INTERNATIONAL AIRPORT NY US,20161122,40
GHCND:USW00094789,JFK INTERNATIONAL AIRPORT NY US,20161123,40
GHCND:USW00094789,JFK INTERNATIONAL AIRPORT NY US,20161124,44
GHCND:USW00094789,JFK INTERNATIONAL AIRPORT NY US,20161125,49
GHCND:USW00094789,JFK INTERNATIONAL AIRPORT NY US,20161126,50
GHCND:USW00094789,JFK INTERNATIONAL AIRPORT NY US,20161127,45
GHCND:USW00094789,JFK INTERNATIONAL AIRPORT NY US,20161128,45
GHCND:USW00094789,JFK INTERNATIONAL AIRPORT NY US,20161129,55
GHCND:USW00094789,JFK INTERNATIONAL AIRPORT NY US,20161130,56
GHCND:USW00094789,JFK INTERNATIONAL AIRPORT NY US,20161201,55
GHCND:USW00094789,JFK INTERNATIONAL AIRPORT NY US,20161202,47
GHCND:USW00094789,JFK INTERNATIONAL AIRPORT NY US,20161203,46
GHCND:USW00094789,JFK INTERNATIONAL AIRPORT NY US,20161204,44
GHCND:USW00094789,JFK INTERNATIONAL AIRPORT NY US,20161205,44
GHCND:USW00094789,JFK INTERNATIONAL AIRPORT NY US,20161206,43
GHCND:USW00094789,JFK INTERNATIONAL AIRPORT NY US,20161207,44
GHCND:USW00094789,JFK INTERNATIONAL AIRPORT NY US,20161208,43
GHCND:USW00094789,JFK INTERNATIONAL AIRPORT NY US,20161209,37
GHCND:USW00094789,JFK INTERNATIONAL AIRPORT NY US,20161210,33
GHCND:USW00094789,JFK INTERNATIONAL AIRPORT NY US,20161211,33
GHCND:USW00094789,JFK INTERNATIONAL AIRPORT NY US,20161212,42
GHCND:USW00094789,JFK INTERNATIONAL AIRPORT NY US,20161213,41
GHCND:USW00094789,JFK INTERNATIONAL AIRPORT NY US,20161214,41
GHCND:USW00094789,JFK INTERNATIONAL AIRPORT NY US,20161215,30
GHCND:USW00094789,JFK INTERNATIONAL AIRPORT NY US,20161216,22
GHCND:USW00094789,JFK INTERNATIONAL AIRPORT NY US,20161217,31
GHCND:USW00094789,JFK INTERNATIONAL AIRPORT NY US,20161218,47
GHCND:USW00094789,JFK INTERNATIONAL AIRPORT NY US,20161219,31
GHCND:USW00094789,JFK INTERNATIONAL AIRPORT NY US,20161220,27
GHCND:USW00094789,JFK INTERNATIONAL AIRPORT NY US,20161221,35
GHCND:USW00094789,JFK INTERNATIONAL AIRPORT NY US,20161222,42
GHCND:USW00094789,JFK INTERNATIONAL AIRPORT NY US,20161223,43
GHCND:USW00094789,JFK INTERNATIONAL AIRPORT NY US,20161224,42
GHCND:USW00094789,JFK INTERNATIONAL AIRPORT NY US,20161225,45
GHCND:USW00094789,JFK INTERNATIONAL AIRPORT NY US,20161226,39
GHCND:USW00094789,JFK INTERNATIONAL AIRPORT NY US,20161227,54
GHCND:USW00094789,JFK INTERNATIONAL AIRPORT NY US,20161228,43
GHCND:USW00094789,JFK INTERNATIONAL AIRPORT NY US,20161229,39
GHCND:USW00094789,JFK INTERNATIONAL AIRPORT NY US,20161230,39
GHCND:USW00094789,JFK INTERNATIONAL AIRPORT NY US,20161231,38
GHCND:USW00094789,JFK INTERNATIONAL AIRPORT NY US,20170101,46
GHCND:USW00094789,JFK INTERNATIONAL AIRPORT NY US,20170102,40
GHCND:USW00094789,JFK INTERNATIONAL AIRPORT NY US,20170103,43
GHCND:USW00094789,JFK INTERNATIONAL AIRPORT NY US,20170104,46
GHCND:USW00094789,JFK INTERNATIONAL AIRPORT NY US,20170105,34
GHCND:USW00094789,JFK INTERNATIONAL AIRPORT NY US,20170106,32
GHCND:USW00094789,JFK INTERNATIONAL AIRPORT NY US,20170107,25
GHCND:USW00094789,JFK INTERNATIONAL AIRPORT NY US,20170108,21
GHCND:USW00094789,JFK INTERNATIONAL AIRPORT NY US,20170109,20
GHCND:USW00094789,JFK INTERNATIONAL AIRPORT NY US,20170110,27
GHCND:USW00094789,JFK INTERNATIONAL AIRPORT NY US,20170111,45
GHCND:USW00094789,JFK INTERNATIONAL AIRPORT NY US,20170112,50
GHCND:USW00094789,JFK INTERNATIONAL AIRPORT NY US,20170113,50
GHCND:USW00094789,JFK INTERNATIONAL AIRPORT NY US,20170114,32
GHCND:USW00094789,JFK INTERNATIONAL AIRPORT NY US,20170115,35
GHCND:USW00094789,JFK INTERNATIONAL AIRPORT NY US,20170116,35
GHCND:USW00094789,JFK INTERNATIONAL AIRPORT NY US,20170117,40
GHCND:USW00094789,JFK INTERNATIONAL AIRPORT NY US,20170118,41
GHCND:USW00094789,JFK INTERNATIONAL AIRPORT NY US,20170119,43
GHCND:USW00094789,JFK INTERNATIONAL AIRPORT NY US,20170120,44
GHCND:USW00094789,JFK INTERNATIONAL AIRPORT NY US,20170121,44
GHCND:USW00094789,JFK INTERNATIONAL AIRPORT NY US,20170122,46
GHCND:USW00094789,JFK INTERNATIONAL AIRPORT NY US,20170123,44
GHCND:USW00094789,JFK INTERNATIONAL AIRPORT NY US,20170124,38
GHCND:USW00094789,JFK INTERNATIONAL AIRPORT NY US,20170125,42
GHCND:USW00094789,JFK INTERNATIONAL AIRPORT NY US,20170126,45
GHCND:USW00094789,JFK INTERNATIONAL AIRPORT NY US,20170127,42
GHCND:USW00094789,JFK INTERNATIONAL AIRPORT NY US,20170128,37
GHCND:USW00094789,JFK INTERNATIONAL AIRPORT NY US,20170129,38
GHCND:USW00094789,JFK INTERNATIONAL AIRPORT NY US,20170130,36
GHCND:USW00094789,JFK INTERNATIONAL AIRPORT NY US,20170131,30
GHCND:USW00094789,JFK INTERNATIONAL AIRPORT NY US,20170201,38
GHCND:USW00094789,JFK INTERNATIONAL AIRPORT NY US,20170202,40
GHCND:USW00094789,JFK INTERNATIONAL AIRPORT NY US,20170203,32
GHCND:USW00094789,JFK INTERNATIONAL AIRPORT NY US,20170204,29
GHCND:USW00094789,JFK INTERNATIONAL AIRPORT NY US,20170205,35
GHCND:USW00094789,JFK INTERNATIONAL AIRPORT NY US,20170206,42
GHCND:USW00094789,JFK INTERNATIONAL AIRPORT NY US,20170207,40
GHCND:USW00094789,JFK INTERNATIONAL AIRPORT NY US,20170208,48
GHCND:USW00094789,JFK INTERNATIONAL AIRPORT NY US,20170209,35
GHCND:USW00094789,JFK INTERNATIONAL AIRPORT NY US,20170210,24
GHCND:USW00094789,JFK INTERNATIONAL AIRPORT NY US,20170211,37
GHCND:USW00094789,JFK INTERNATIONAL AIRPORT NY US,20170212,36
GHCND:USW00094789,JFK INTERNATIONAL AIRPORT NY US,20170213,37
GHCND:USW00094789,JFK INTERNATIONAL AIRPORT NY US,20170214,33
GHCND:USW00094789,JFK INTERNATIONAL AIRPORT NY US,20170215,38
GHCND:USW00094789,JFK INTERNATIONAL AIRPORT NY US,20170216,35
GHCND:USW00094789,JFK INTERNATIONAL AIRPORT NY US,20170217,33
GHCND:USW00094789,JFK INTERNATIONAL AIRPORT NY US,20170218,41
GHCND:USW00094789,JFK INTERNATIONAL AIRPORT NY US,20170219,55
GHCND:USW00094789,JFK INTERNATIONAL AIRPORT NY US,20170220,52
GHCND:USW00094789,JFK INTERNATIONAL AIRPORT NY US,20170221,40
GHCND:USW00094789,JFK INTERNATIONAL AIRPORT NY US,20170222,44
GHCND:USW00094789,JFK INTERNATIONAL AIRPORT NY US,20170223,45
GHCND:USW00094789,JFK INTERNATIONAL AIRPORT NY US,20170224,52
GHCND:USW00094789,JFK INTERNATIONAL AIRPORT NY US,20170225,53
GHCND:USW00094789,JFK INTERNATIONAL AIRPORT NY US,20170226,44
GHCND:USW00094789,JFK INTERNATIONAL AIRPORT NY US,20170227,41
GHCND:USW00094789,JFK INTERNATIONAL AIRPORT NY US,20170228,48
GHCND:USW00094789,JFK INTERNATIONAL AIRPORT NY US,20170301,51
GHCND:USW00094789,JFK INTERNATIONAL AIRPORT NY US,20170302,52
GHCND:USW00094789,JFK INTERNATIONAL AIRPORT NY US,20170303,37
GHCND:USW00094789,JFK INTERNATIONAL AIRPORT NY US,20170304,27
GHCND:USW00094789,JFK INTERNATIONAL AIRPORT NY US,20170305,24
GHCND:USW00094789,JFK INTERNATIONAL AIRPORT NY US,20170306,32
GHCND:USW00094789,JFK INTERNATIONAL AIRPORT NY US,20170307,44
GHCND:USW00094789,JFK INTERNATIONAL AIRPORT NY US,20170308,52
GHCND:USW00094789,JFK INTERNATIONAL AIRPORT NY US,20170309,55
GHCND:USW00094789,JFK INTERNATIONAL AIRPORT NY US,20170310,42
GHCND:USW00094789,JFK INTERNATIONAL AIRPORT NY US,20170311,25
GHCND:USW00094789,JFK INTERNATIONAL AIRPORT NY US,20170312,25
GHCND:USW00094789,JFK INTERNATIONAL AIRPORT NY US,20170313,26
GHCND:USW00094789,JFK INTERNATIONAL AIRPORT NY US,20170314,32
GHCND:USW00094789,JFK INTERNATIONAL AIRPORT NY US,20170315,25
GHCND:USW00094789,JFK INTERNATIONAL AIRPORT NY US,20170316,30
GHCND:USW00094789,JFK INTERNATIONAL AIRPORT NY US,20170317,36
GHCND:USW00094789,JFK INTERNATIONAL AIRPORT NY US,20170318,36
GHCND:USW00094789,JFK INTERNATIONAL AIRPORT NY US,20170319,40
GHCND:USW00094789,JFK INTERNATIONAL AIRPORT NY US,20170320,43
GHCND:USW00094789,JFK INTERNATIONAL AIRPORT NY US,20170321,49
GHCND:USW00094789,JFK INTERNATIONAL AIRPORT NY US,20170322,42
GHCND:USW00094789,JFK INTERNATIONAL AIRPORT NY US,20170323,31
GHCND:USW00094789,JFK INTERNATIONAL AIRPORT NY US,20170324,40
GHCND:USW00094789,JFK INTERNATIONAL AIRPORT NY US,20170325,51
GHCND:USW00094789,JFK INTERNATIONAL AIRPORT NY US,20170326,42
GHCND:USW00094789,JFK INTERNATIONAL AIRPORT NY US,20170327,45
GHCND:USW00094789,JFK INTERNATIONAL AIRPORT NY US,20170328,47
GHCND:USW00094789,JFK INTERNATIONAL AIRPORT NY US,20170329,49
GHCND:USW00094789,JFK INTERNATIONAL AIRPORT NY US,20170330,43
GHCND:USW00094789,JFK INTERNATIONAL AIRPORT NY US,20170331,41
GHCND:USW00094789,JFK INTERNATIONAL AIRPORT NY US,20170401,42
GHCND:USW00094789,JFK INTERNATIONAL AIRPORT NY US,20170402,50
GHCND:USW00094789,JFK INTERNATIONAL AIRPORT NY US,20170403,53
GHCND:USW00094789,JFK INTERNATIONAL AIRPORT NY US,20170404,50
GHCND:USW00094789,JFK INTERNATIONAL AIRPORT NY US,20170405,49
GHCND:USW00094789,JFK INTERNATIONAL AIRPORT NY US,20170406,46
GHCND:USW00094789,JFK INTERNATIONAL AIRPORT NY US,20170407,48
GHCND:USW00094789,JFK INTERNATIONAL AIRPORT NY US,20170408,47
GHCND:USW00094789,JFK INTERNATIONAL AIRPORT NY US,20170409,51
GHCND:USW00094789,JFK INTERNATIONAL AIRPORT NY US,20170410,52
GHCND:USW00094789,JFK INTERNATIONAL AIRPORT NY US,20170411,56
GHCND:USW00094789,JFK INTERNATIONAL AIRPORT NY US,20170412,60
GHCND:USW00094789,JFK INTERNATIONAL AIRPORT NY US,20170413,56
GHCND:USW00094789,JFK INTERNATIONAL AIRPORT NY US,20170414,54
GHCND:USW00094789,JFK INTERNATIONAL AIRPORT NY US,20170415,51
GHCND:USW00094789,JFK INTERNATIONAL AIRPORT NY US,20170416,64
GHCND:USW00094789,JFK INTERNATIONAL AIRPORT NY US,20170417,70
GHCND:USW00094789,JFK INTERNATIONAL AIRPORT NY US,20170418,58
GHCND:USW00094789,JFK INTERNATIONAL AIRPORT NY US,20170419,48
GHCND:USW00094789,JFK INTERNATIONAL AIRPORT NY US,20170420,54
GHCND:USW00094789,JFK INTERNATIONAL AIRPORT NY US,20170421,53
GHCND:USW00094789,JFK INTERNATIONAL AIRPORT NY US,20170422,53
GHCND:USW00094789,JFK INTERNATIONAL AIRPORT NY US,20170423,53
GHCND:USW00094789,JFK INTERNATIONAL AIRPORT NY US,20170424,51
GHCND:USW00094789,JFK INTERNATIONAL AIRPORT NY US,20170425,54
GHCND:USW00094789,JFK INTERNATIONAL AIRPORT NY US,20170426,57
GHCND:USW00094789,JFK INTERNATIONAL AIRPORT NY US,20170427,60
GHCND:USW00094789,JFK INTERNATIONAL AIRPORT NY US,20170428,62
GHCND:USW00094789,JFK INTERNATIONAL AIRPORT NY US,20170429,69
GHCND:USW00094789,JFK INTERNATIONAL AIRPORT NY US,20170430,64
GHCND:USW00094789,JFK INTERNATIONAL AIRPORT NY US,20170501,55
GHCND:USW00094789,JFK INTERNATIONAL AIRPORT NY US,20170502,66
GHCND:USW00094789,JFK INTERNATIONAL AIRPORT NY US,20170503,64
GHCND:USW00094789,JFK INTERNATIONAL AIRPORT NY US,20170504,55
GHCND:USW00094789,JFK INTERNATIONAL AIRPORT NY US,20170505,55
GHCND:USW00094789,JFK INTERNATIONAL AIRPORT NY US,20170506,58
GHCND:USW00094789,JFK INTERNATIONAL AIRPORT NY US,20170507,54
GHCND:USW00094789,JFK INTERNATIONAL AIRPORT NY US,20170508,53
GHCND:USW00094789,JFK INTERNATIONAL AIRPORT NY US,20170509,54
GHCND:USW00094789,JFK INTERNATIONAL AIRPORT NY US,20170510,54
GHCND:USW00094789,JFK INTERNATIONAL AIRPORT NY US,20170511,54
GHCND:USW00094789,JFK INTERNATIONAL AIRPORT NY US,20170512,53
GHCND:USW00094789,JFK INTERNATIONAL AIRPORT NY US,20170513,51
GHCND:USW00094789,JFK INTERNATIONAL AIRPORT NY US,20170514,54
GHCND:USW00094789,JFK INTERNATIONAL AIRPORT NY US,20170515,61
GHCND:USW00094789,JFK INTERNATIONAL AIRPORT NY US,20170516,66
GHCND:USW00094789,JFK INTERNATIONAL AIRPORT NY US,20170517,67
GHCND:USW00094789,JFK INTERNATIONAL AIRPORT NY US,20170518,74
GHCND:USW00094789,JFK INTERNATIONAL AIRPORT NY US,20170519,79
GHCND:USW00094789,JFK INTERNATIONAL AIRPORT NY US,20170520,65
GHCND:USW00094789,JFK INTERNATIONAL AIRPORT NY US,20170521,58
GHCND:USW00094789,JFK INTERNATIONAL AIRPORT NY US,20170522,57
GHCND:USW00094789,JFK INTERNATIONAL AIRPORT NY US,20170523,63
GHCND:USW00094789,JFK INTERNATIONAL AIRPORT NY US,20170524,62
GHCND:USW00094789,JFK INTERNATIONAL AIRPORT NY US,20170525,58
GHCND:USW00094789,JFK INTERNATIONAL AIRPORT NY US,20170526,64
GHCND:USW00094789,JFK INTERNATIONAL AIRPORT NY US,20170527,67
GHCND:USW00094789,JFK INTERNATIONAL AIRPORT NY US,20170528,63
GHCND:USW00094789,JFK INTERNATIONAL AIRPORT NY US,20170529,59
GHCND:USW00094789,JFK INTERNATIONAL AIRPORT NY US,20170530,57
GHCND:USW00094789,JFK INTERNATIONAL AIRPORT NY US,20170531,62
GHCND:USW00094789,JFK INTERNATIONAL AIRPORT NY US,20170601,68
GHCND:USW00094789,JFK INTERNATIONAL AIRPORT NY US,20170602,68
GHCND:USW00094789,JFK INTERNATIONAL AIRPORT NY US,20170603,66
GHCND:USW00094789,JFK INTERNATIONAL AIRPORT NY US,20170604,65
GHCND:USW00094789,JFK INTERNATIONAL AIRPORT NY US,20170605,65
GHCND:USW00094789,JFK INTERNATIONAL AIRPORT NY US,20170606,58
GHCND:USW00094789,JFK INTERNATIONAL AIRPORT NY US,20170607,58
GHCND:USW00094789,JFK INTERNATIONAL AIRPORT NY US,20170608,61
GHCND:USW00094789,JFK INTERNATIONAL AIRPORT NY US,20170609,66
GHCND:USW00094789,JFK INTERNATIONAL AIRPORT NY US,20170610,74
GHCND:USW00094789,JFK INTERNATIONAL AIRPORT NY US,20170611,74
GHCND:USW00094789,JFK INTERNATIONAL AIRPORT NY US,20170612,80
GHCND:USW00094789,JFK INTERNATIONAL AIRPORT NY US,20170613,82
GHCND:USW00094789,JFK INTERNATIONAL AIRPORT NY US,20170614,77
GHCND:USW00094789,JFK INTERNATIONAL AIRPORT NY US,20170615,67
GHCND:USW00094789,JFK INTERNATIONAL AIRPORT NY US,20170616,66
GHCND:USW00094789,JFK INTERNATIONAL AIRPORT NY US,20170617,68
GHCND:USW00094789,JFK INTERNATIONAL AIRPORT NY US,20170618,72
GHCND:USW00094789,JFK INTERNATIONAL AIRPORT NY US,20170619,74
GHCND:USW00094789,JFK INTERNATIONAL AIRPORT NY US,20170620,75
GHCND:USW00094789,JFK INTERNATIONAL AIRPORT NY US,20170621,78
GHCND:USW00094789,JFK INTERNATIONAL AIRPORT NY US,20170622,74
GHCND:USW00094789,JFK INTERNATIONAL AIRPORT NY US,20170623,75
GHCND:USW00094789,JFK INTERNATIONAL AIRPORT NY US,20170624,78
GHCND:USW00094789,JFK INTERNATIONAL AIRPORT NY US,20170625,76
GHCND:USW00094789,JFK INTERNATIONAL AIRPORT NY US,20170626,72
GHCND:USW00094789,JFK INTERNATIONAL AIRPORT NY US,20170627,70
GHCND:USW00094789,JFK INTERNATIONAL AIRPORT NY US,20170628,71
GHCND:USW00094789,JFK INTERNATIONAL AIRPORT NY US,20170629,71
GHCND:USW00094789,JFK INTERNATIONAL AIRPORT NY US,20170630,72
GHCND:USW00094789,JFK INTERNATIONAL AIRPORT NY US,20170701,72
GHCND:USW00094789,JFK INTERNATIONAL AIRPORT NY US,20170702,77
GHCND:USW00094789,JFK INTERNATIONAL AIRPORT NY US,20170703,79
GHCND:USW00094789,JFK INTERNATIONAL AIRPORT NY US,20170704,77
GHCND:USW00094789,JFK INTERNATIONAL AIRPORT NY US,20170705,76
GHCND:USW00094789,JFK INTERNATIONAL AIRPORT NY US,20170706,73
GHCND:USW00094789,JFK INTERNATIONAL AIRPORT NY US,20170707,73
GHCND:USW00094789,JFK INTERNATIONAL AIRPORT NY US,20170708,77
GHCND:USW00094789,JFK INTERNATIONAL AIRPORT NY US,20170709,77
GHCND:USW00094789,JFK INTERNATIONAL AIRPORT NY US,20170710,75
GHCND:USW00094789,JFK INTERNATIONAL AIRPORT NY US,20170711,78
GHCND:USW00094789,JFK INTERNATIONAL AIRPORT NY US,20170712,81
GHCND:USW00094789,JFK INTERNATIONAL AIRPORT NY US,20170713,84
GHCND:USW00094789,JFK INTERNATIONAL AIRPORT NY US,20170714,70
GHCND:USW00094789,JFK INTERNATIONAL AIRPORT NY US,20170715,73
GHCND:USW00094789,JFK INTERNATIONAL AIRPORT NY US,20170716,77
GHCND:USW00094789,JFK INTERNATIONAL AIRPORT NY US,20170717,77
GHCND:USW00094789,JFK INTERNATIONAL AIRPORT NY US,20170718,78
GHCND:USW00094789,JFK INTERNATIONAL AIRPORT NY US,20170719,80
GHCND:USW00094789,JFK INTERNATIONAL AIRPORT NY US,20170721,86
GHCND:USW00094789,JFK INTERNATIONAL AIRPORT NY US,20170722,84
GHCND:USW00094789,JFK INTERNATIONAL AIRPORT NY US,20170723,76
GHCND:USW00094789,JFK INTERNATIONAL AIRPORT NY US,20170724,71
GHCND:USW00094789,JFK INTERNATIONAL AIRPORT NY US,20170725,67
GHCND:USW00094789,JFK INTERNATIONAL AIRPORT NY US,20170726,70
GHCND:USW00094789,JFK INTERNATIONAL AIRPORT NY US,20170727,71
GHCND:USW00094789,JFK INTERNATIONAL AIRPORT NY US,20170728,76
GHCND:USW00094789,JFK INTERNATIONAL AIRPORT NY US,20170729,72
GHCND:USW00094789,JFK INTERNATIONAL AIRPORT NY US,20170730,69
